track_name,track_id,album_name,popularity,track_duration_ms,explicit,artist_id,release_year,artist_name,genres,charted_year,years_since_release
NOKIA,2u9S9JJ6hTZS3Vf22HOZKg,$ome $exy $ongs 4 U,94,241023,TRUE,3TVXtAsR1Inumwj472S9r4,2025,Drake,rap,2018,-7
One Dance,1zi7xx7UVEFkmKfv06H8x0,Views,89,173986,FALSE,3TVXtAsR1Inumwj472S9r4,2016,Drake,rap,2018,2
Passionfruit,5mCPDVBb16L4XQwDdbRUpz,More Life,87,298940,TRUE,3TVXtAsR1Inumwj472S9r4,2017,Drake,rap,2018,1
DIE TRYING,0NUqi0ps17YpLUC3kgsZq0,$ome $exy $ongs 4 U,87,195431,TRUE,3TVXtAsR1Inumwj472S9r4,2025,Drake,rap,2018,-7
She Will,0b4M7hd7mzLTm99MrMeZsp,Tha Carter IV (Complete Edition),81,305840,TRUE,3TVXtAsR1Inumwj472S9r4,2011,Drake,rap,2018,7
God's Plan,6DCZcSspjsKoFjzjrWoCdn,Scorpion,86,198973,TRUE,3TVXtAsR1Inumwj472S9r4,2018,Drake,rap,2018,0
WAIT FOR U (feat. Drake & Tems),59nOXPmaKlBfGMDeOVGrIK,I NEVER LIKED YOU,85,189893,TRUE,3TVXtAsR1Inumwj472S9r4,2022,Drake,rap,2018,-4
Headlines,6LxSe8YmdPxy095Ux6znaQ,Take Care (Deluxe),85,235986,TRUE,3TVXtAsR1Inumwj472S9r4,2011,Drake,rap,2018,7
9,1C7KSXR2GVxknex6I4ANco,Views,84,255786,TRUE,3TVXtAsR1Inumwj472S9r4,2016,Drake,rap,2018,2
Jimmy Cooks (feat. 21 Savage),3F5CgOj3wFlRv51JsHbxhe,"Honestly, Nevermind",83,218364,TRUE,3TVXtAsR1Inumwj472S9r4,2022,Drake,rap,2018,-4
I Had Some Help (Feat. Morgan Wallen),5IZXB5IKAD2qlvTPJYDCFB,F-1 Trillion,88,178205,TRUE,246dkjvS1zLTtiykXe5h60,2024,Post Malone,,2018,-6
I Ain't Comin' Back (feat. Post Malone),1BDLD4c07q0bmq2VCRsXoE,I’m The Problem,82,175271,FALSE,246dkjvS1zLTtiykXe5h60,2025,Post Malone,,2018,-7
Sunflower - Spider-Man: Into the Spider-Verse,0RiRZpuVRbi7oqRdSMwhQY,Hollywood's Bleeding,85,157560,FALSE,246dkjvS1zLTtiykXe5h60,2019,Post Malone,,2018,-1
Circles,21jGcNKet2qwijlDFuPiPb,Hollywood's Bleeding,88,215280,FALSE,246dkjvS1zLTtiykXe5h60,2019,Post Malone,,2018,-1
Fortnight (feat. Post Malone),2OzhQlSqBEmt7hmkYxfT6m,THE TORTURED POETS DEPARTMENT,85,228965,FALSE,246dkjvS1zLTtiykXe5h60,2024,Post Malone,,2018,-6
rockstar (feat. 21 Savage),0e7ipj03S05BNilyu5bRzt,beerbongs & bentleys,84,218146,TRUE,246dkjvS1zLTtiykXe5h60,2018,Post Malone,,2018,0
Guy For That (Feat. Luke Combs),6StwwqB84sJeLr7tZDTxEX,F-1 Trillion,81,164011,FALSE,246dkjvS1zLTtiykXe5h60,2024,Post Malone,,2018,-6
Congratulations,3a1lNhkSLSkpJE4MSHpDu9,Stoney (Deluxe),83,220293,TRUE,246dkjvS1zLTtiykXe5h60,2016,Post Malone,,2018,2
Better Now,7dt6x5M1jzdTEt8oCbisTK,beerbongs & bentleys,82,231266,TRUE,246dkjvS1zLTtiykXe5h60,2018,Post Malone,,2018,0
Dial Drunk (with Post Malone),22VHOlVYBqytsrAqV8yXBK,Dial Drunk (with Post Malone),81,213817,TRUE,246dkjvS1zLTtiykXe5h60,2023,Post Malone,,2018,-5
Falling Down - Bonus Track,4jvjzW7Hm0yK4LvvE0Paz9,"Come Over When You're Sober, Pt. 2",86,196400,TRUE,15UsOTVnJzReFVN1VCnxy4,2018,XXXTENTACION,emo rap,2018,0
Hope,2ZRo7axmMPeSVUvDbGkJah,?,85,110886,TRUE,15UsOTVnJzReFVN1VCnxy4,2018,XXXTENTACION,emo rap,2018,0
Revenge,5TXDeTFVRVY7Cvt0Dw4vWW,17,85,120026,TRUE,15UsOTVnJzReFVN1VCnxy4,2017,XXXTENTACION,emo rap,2018,1
Fuck Love,7AQim7LbvFVZJE3O8TYgf2,17,85,146520,TRUE,15UsOTVnJzReFVN1VCnxy4,2017,XXXTENTACION,emo rap,2018,1
Moonlight,0JP9xo3adEtGSdUEISiszL,?,84,135090,TRUE,15UsOTVnJzReFVN1VCnxy4,2018,XXXTENTACION,emo rap,2018,0
SAD!,3ee8Jmje8o58CHK66QrVC2,?,82,166605,TRUE,15UsOTVnJzReFVN1VCnxy4,2018,XXXTENTACION,emo rap,2018,0
Everybody Dies In Their Nightmares,3GVkPk8mqxz0itaAriG1L7,17,82,95466,TRUE,15UsOTVnJzReFVN1VCnxy4,2017,XXXTENTACION,emo rap,2018,1
Jocelyn Flores,7m9OqQk4RVRkw9JJdeAw96,17,82,119133,TRUE,15UsOTVnJzReFVN1VCnxy4,2017,XXXTENTACION,emo rap,2018,1
Look At Me!,7floNISpH8VF4z4459Qo18,Look At Me!,81,126345,TRUE,15UsOTVnJzReFVN1VCnxy4,2017,XXXTENTACION,emo rap,2018,1
BAD!,22An65gG31JLf9n18qjdhZ,SKINS,78,94245,FALSE,15UsOTVnJzReFVN1VCnxy4,2018,XXXTENTACION,emo rap,2018,0
LA CANCIÓN,0fea68AdmYNygeTGI4RC18,OASIS,90,242573,FALSE,1vyhD5VmyZ7KMfW5gqLgo5,2019,J Balvin,"reggaeton, latin",2018,-1
Azul,2lCkncy6bIB0LTMT7kvrD1,Colores,86,205933,FALSE,1vyhD5VmyZ7KMfW5gqLgo5,2020,J Balvin,"reggaeton, latin",2018,-2
X (feat. Maluma & Ozuna) - Remix,6JjPBQfI2Y8nIjnm65X6Pw,X (feat. Maluma & Ozuna) [Remix],86,235746,FALSE,1vyhD5VmyZ7KMfW5gqLgo5,2018,J Balvin,"reggaeton, latin",2018,0
+57,3mg9jYNC1NihbthlglzrWP,+57,85,298130,TRUE,1vyhD5VmyZ7KMfW5gqLgo5,2024,J Balvin,"reggaeton, latin",2018,-6
No Me Conoce - Remix,2beS6dD5rovBxSA1zYoSHR,Famouz,85,309120,FALSE,1vyhD5VmyZ7KMfW5gqLgo5,2019,J Balvin,"reggaeton, latin",2018,-1
Mi Gente,7COfe3P7KgfwDwIRB8LIDw,Vibras,79,185040,FALSE,1vyhD5VmyZ7KMfW5gqLgo5,2018,J Balvin,"reggaeton, latin",2018,0
QUE PRETENDES,25ZAibhr3bdlMCLmubZDVt,OASIS,83,222346,FALSE,1vyhD5VmyZ7KMfW5gqLgo5,2019,J Balvin,"reggaeton, latin",2018,-1
UN PESO,7hynhxDoDpgMIV12JuVtNa,OASIS,82,277106,FALSE,1vyhD5VmyZ7KMfW5gqLgo5,2019,J Balvin,"reggaeton, latin",2018,-1
Downtown,3Ga6eKrUFf12ouh9Yw3v2D,Downtown,80,193456,FALSE,1vyhD5VmyZ7KMfW5gqLgo5,2017,J Balvin,"reggaeton, latin",2018,1
I Like It,58q2HKrzhC3ozto2nDdN4z,Invasion of Privacy,80,253390,TRUE,1vyhD5VmyZ7KMfW5gqLgo5,2018,J Balvin,"reggaeton, latin",2018,0
Azizam,0GRc3eGTg8HBdWLRGYgqIc,Azizam,92,162029,FALSE,6eUKZXaKkcviH0Ku9w2n3V,2025,Ed Sheeran,soft pop,2018,-7
Shape of You,7qiZfU4dY1lWllzX7mPBI3,÷ (Deluxe),91,233712,FALSE,6eUKZXaKkcviH0Ku9w2n3V,2017,Ed Sheeran,soft pop,2018,1
Perfect,0tgVpDi06FyKpA1z0VMD4v,÷ (Deluxe),91,263400,FALSE,6eUKZXaKkcviH0Ku9w2n3V,2017,Ed Sheeran,soft pop,2018,1
Photograph,6fxVffaTuwjgEk5h9QyRjy,x (Wembley Edition),73,258986,FALSE,6eUKZXaKkcviH0Ku9w2n3V,2013,Ed Sheeran,soft pop,2018,5
Thinking out Loud,1Slwb6dOYkBlWal1PGtnNg,x (Wembley Edition),72,281560,FALSE,6eUKZXaKkcviH0Ku9w2n3V,2013,Ed Sheeran,soft pop,2018,5
Shivers,50nfwKoDiSYg8zOCREWAm5,=,85,207853,FALSE,6eUKZXaKkcviH0Ku9w2n3V,2021,Ed Sheeran,soft pop,2018,-3
Bad Habits,3rmo8F54jFF8OgYsqTxm5d,=,85,230746,FALSE,6eUKZXaKkcviH0Ku9w2n3V,2021,Ed Sheeran,soft pop,2018,-3
Old Phone,2QxviKpVdEXKDWs706MUZB,Old Phone,84,221831,FALSE,6eUKZXaKkcviH0Ku9w2n3V,2025,Ed Sheeran,soft pop,2018,-7
I Don't Care,6hvRoJ0BTZywxu8UCPBkzx,+-=÷× (Tour Collection),76,219946,FALSE,6eUKZXaKkcviH0Ku9w2n3V,2024,Ed Sheeran,soft pop,2018,-6
Galway Girl,0afhq8XCExXpqazXczTSve,÷ (Deluxe),83,170826,FALSE,6eUKZXaKkcviH0Ku9w2n3V,2017,Ed Sheeran,soft pop,2018,1
I Had Some Help (Feat. Morgan Wallen),5IZXB5IKAD2qlvTPJYDCFB,F-1 Trillion,88,178205,TRUE,246dkjvS1zLTtiykXe5h60,2024,Post Malone,,2019,-5
I Ain't Comin' Back (feat. Post Malone),1BDLD4c07q0bmq2VCRsXoE,I’m The Problem,82,175271,FALSE,246dkjvS1zLTtiykXe5h60,2025,Post Malone,,2019,-6
Sunflower - Spider-Man: Into the Spider-Verse,0RiRZpuVRbi7oqRdSMwhQY,Hollywood's Bleeding,85,157560,FALSE,246dkjvS1zLTtiykXe5h60,2019,Post Malone,,2019,0
Circles,21jGcNKet2qwijlDFuPiPb,Hollywood's Bleeding,88,215280,FALSE,246dkjvS1zLTtiykXe5h60,2019,Post Malone,,2019,0
Fortnight (feat. Post Malone),2OzhQlSqBEmt7hmkYxfT6m,THE TORTURED POETS DEPARTMENT,85,228965,FALSE,246dkjvS1zLTtiykXe5h60,2024,Post Malone,,2019,-5
rockstar (feat. 21 Savage),0e7ipj03S05BNilyu5bRzt,beerbongs & bentleys,84,218146,TRUE,246dkjvS1zLTtiykXe5h60,2018,Post Malone,,2019,1
Guy For That (Feat. Luke Combs),6StwwqB84sJeLr7tZDTxEX,F-1 Trillion,81,164011,FALSE,246dkjvS1zLTtiykXe5h60,2024,Post Malone,,2019,-5
Congratulations,3a1lNhkSLSkpJE4MSHpDu9,Stoney (Deluxe),83,220293,TRUE,246dkjvS1zLTtiykXe5h60,2016,Post Malone,,2019,3
Better Now,7dt6x5M1jzdTEt8oCbisTK,beerbongs & bentleys,82,231266,TRUE,246dkjvS1zLTtiykXe5h60,2018,Post Malone,,2019,1
Dial Drunk (with Post Malone),22VHOlVYBqytsrAqV8yXBK,Dial Drunk (with Post Malone),81,213817,TRUE,246dkjvS1zLTtiykXe5h60,2023,Post Malone,,2019,-4
Azizam,0GRc3eGTg8HBdWLRGYgqIc,Azizam,92,162029,FALSE,6eUKZXaKkcviH0Ku9w2n3V,2025,Ed Sheeran,soft pop,2019,-6
Shape of You,7qiZfU4dY1lWllzX7mPBI3,÷ (Deluxe),91,233712,FALSE,6eUKZXaKkcviH0Ku9w2n3V,2017,Ed Sheeran,soft pop,2019,2
Perfect,0tgVpDi06FyKpA1z0VMD4v,÷ (Deluxe),91,263400,FALSE,6eUKZXaKkcviH0Ku9w2n3V,2017,Ed Sheeran,soft pop,2019,2
Photograph,6fxVffaTuwjgEk5h9QyRjy,x (Wembley Edition),73,258986,FALSE,6eUKZXaKkcviH0Ku9w2n3V,2013,Ed Sheeran,soft pop,2019,6
Thinking out Loud,1Slwb6dOYkBlWal1PGtnNg,x (Wembley Edition),72,281560,FALSE,6eUKZXaKkcviH0Ku9w2n3V,2013,Ed Sheeran,soft pop,2019,6
Shivers,50nfwKoDiSYg8zOCREWAm5,=,85,207853,FALSE,6eUKZXaKkcviH0Ku9w2n3V,2021,Ed Sheeran,soft pop,2019,-2
Bad Habits,3rmo8F54jFF8OgYsqTxm5d,=,85,230746,FALSE,6eUKZXaKkcviH0Ku9w2n3V,2021,Ed Sheeran,soft pop,2019,-2
Old Phone,2QxviKpVdEXKDWs706MUZB,Old Phone,84,221831,FALSE,6eUKZXaKkcviH0Ku9w2n3V,2025,Ed Sheeran,soft pop,2019,-6
I Don't Care,6hvRoJ0BTZywxu8UCPBkzx,+-=÷× (Tour Collection),76,219946,FALSE,6eUKZXaKkcviH0Ku9w2n3V,2024,Ed Sheeran,soft pop,2019,-5
Galway Girl,0afhq8XCExXpqazXczTSve,÷ (Deluxe),83,170826,FALSE,6eUKZXaKkcviH0Ku9w2n3V,2017,Ed Sheeran,soft pop,2019,2
BIRDS OF A FEATHER,6dOtVTDdiauQNBQEDOtlAB,HIT ME HARD AND SOFT,100,210373,FALSE,6qqNVTkY8uBg9cP3Jd7DAH,2024,Billie Eilish,,2019,-5
WILDFLOWER,3QaPy1KgI7nu9FJEQUgn6h,HIT ME HARD AND SOFT,96,261466,FALSE,6qqNVTkY8uBg9cP3Jd7DAH,2024,Billie Eilish,,2019,-5
CHIHIRO,7BRD7x5pt8Lqa1eGYC4dzj,HIT ME HARD AND SOFT,91,303440,FALSE,6qqNVTkY8uBg9cP3Jd7DAH,2024,Billie Eilish,,2019,-5
lovely (with Khalid),0u2P5u6lvoDfwTYjAADbn4,lovely (with Khalid),90,200185,FALSE,6qqNVTkY8uBg9cP3Jd7DAH,2018,Billie Eilish,,2019,1
Guess featuring billie eilish,0IsIY8pfu1yaGkPUD7pkDx,Brat and it’s completely different but also still brat,87,143330,FALSE,6qqNVTkY8uBg9cP3Jd7DAH,2024,Billie Eilish,,2019,-5
ocean eyes,2uIX8YMNjGMD7441kqyyNU,Ocean Eyes,76,200560,FALSE,6qqNVTkY8uBg9cP3Jd7DAH,2016,Billie Eilish,,2019,3
when the party's over,43zdsphuZLzwA9k4DJhU0I,"WHEN WE ALL FALL ASLEEP, WHERE DO WE GO?",88,196077,FALSE,6qqNVTkY8uBg9cP3Jd7DAH,2019,Billie Eilish,,2019,0
"What Was I Made For? [From The Motion Picture ""Barbie""]",6wf7Yu7cxBSPrRlWeSeK0Q,"What Was I Made For? [From The Motion Picture ""Barbie""]",88,222369,FALSE,6qqNVTkY8uBg9cP3Jd7DAH,2023,Billie Eilish,,2019,-4
LUNCH,629DixmZGHc7ILtEntuiWE,HIT ME HARD AND SOFT,88,179586,FALSE,6qqNVTkY8uBg9cP3Jd7DAH,2024,Billie Eilish,,2019,-5
TV,3GYlZ7tbxLOxe6ewMNVTkw,Guitar Songs,87,281380,FALSE,6qqNVTkY8uBg9cP3Jd7DAH,2022,Billie Eilish,,2019,-3
we can't be friends (wait for your love),51ZQ1vr10ffzbwIjDCwqm4,eternal sunshine,89,228639,FALSE,66CXWjxzNUsdJxJ2JdwvnR,2024,Ariana Grande,pop,2019,-5
twilight zone,1edcyazKIdKrIuz9cWpXU6,eternal sunshine deluxe: brighter days ahead (a cappella version),81,198320,FALSE,66CXWjxzNUsdJxJ2JdwvnR,2025,Ariana Grande,pop,2019,-6
supernatural,142PiXzA84lmEw2RstFHFa,eternal sunshine,87,163381,FALSE,66CXWjxzNUsdJxJ2JdwvnR,2024,Ariana Grande,pop,2019,-5
One Last Time,7xoUc6faLbCqZO6fQEYprd,My Everything (Deluxe),86,197266,FALSE,66CXWjxzNUsdJxJ2JdwvnR,2014,Ariana Grande,pop,2019,5
Save Your Tears (Remix) (with Ariana Grande) - Bonus Track,1oFAF1hdPOickyHgbuRjyX,After Hours (Deluxe),83,191013,FALSE,66CXWjxzNUsdJxJ2JdwvnR,2020,Ariana Grande,pop,2019,-1
Into You,63y6xWR4gXz7bnUGOk8iI6,Dangerous Woman,76,244453,FALSE,66CXWjxzNUsdJxJ2JdwvnR,2016,Ariana Grande,pop,2019,3
7 rings,6ocbgoVGwYJhOv1GgI9NsF,"thank u, next",85,178626,TRUE,66CXWjxzNUsdJxJ2JdwvnR,2019,Ariana Grande,pop,2019,0
Dangerous Woman,6RUhbFEhrvGISaQ8u2j2JN,Dangerous Woman,73,235946,FALSE,66CXWjxzNUsdJxJ2JdwvnR,2016,Ariana Grande,pop,2019,3
the boy is mine,0Lmbke3KNVFXtoH2mMSHCw,eternal sunshine,83,173639,TRUE,66CXWjxzNUsdJxJ2JdwvnR,2024,Ariana Grande,pop,2019,-5
Side To Side,43bCmCI0nSgcT7QdMXY6LV,Dangerous Woman,71,226160,TRUE,66CXWjxzNUsdJxJ2JdwvnR,2016,Ariana Grande,pop,2019,3
DtMF,3sK8wGT43QFpWrvNQsrQya,DeBÍ TiRAR MáS FOToS,97,237117,TRUE,4q3ewBCX7sLwd24euuV69X,2025,Bad Bunny,"reggaeton, trap latino, urbano latino, latin",2019,-6
BAILE INoLVIDABLE,2lTm559tuIvatlT1u0JYG2,DeBÍ TiRAR MáS FOToS,96,367725,TRUE,4q3ewBCX7sLwd24euuV69X,2025,Bad Bunny,"reggaeton, trap latino, urbano latino, latin",2019,-6
EoO,6J5kc12BW5HuP3d7C3vvx8,DeBÍ TiRAR MáS FOToS,94,204768,TRUE,4q3ewBCX7sLwd24euuV69X,2025,Bad Bunny,"reggaeton, trap latino, urbano latino, latin",2019,-6
NUEVAYoL,5TFD2bmFKGhoCRbX61nXY5,DeBÍ TiRAR MáS FOToS,94,183685,FALSE,4q3ewBCX7sLwd24euuV69X,2025,Bad Bunny,"reggaeton, trap latino, urbano latino, latin",2019,-6
VOY A LLeVARTE PA PR,59D4DOkspUbWyMmbAPQkxZ,DeBÍ TiRAR MáS FOToS,93,156364,TRUE,4q3ewBCX7sLwd24euuV69X,2025,Bad Bunny,"reggaeton, trap latino, urbano latino, latin",2019,-6
VeLDÁ,7d6yK8v8J484SWH5prIQiE,DeBÍ TiRAR MáS FOToS,93,235336,TRUE,4q3ewBCX7sLwd24euuV69X,2025,Bad Bunny,"reggaeton, trap latino, urbano latino, latin",2019,-6
Qué Pasaría...,0l0vcZMU7AOeQmUIREoI2U,Cosa Nuestra,91,191018,TRUE,4q3ewBCX7sLwd24euuV69X,2024,Bad Bunny,"reggaeton, trap latino, urbano latino, latin",2019,-5
KLOuFRENS,4MUrUT38U98olfnyzMBCzm,DeBÍ TiRAR MáS FOToS,90,199114,TRUE,4q3ewBCX7sLwd24euuV69X,2025,Bad Bunny,"reggaeton, trap latino, urbano latino, latin",2019,-6
LA CANCIÓN,0fea68AdmYNygeTGI4RC18,OASIS,90,242573,FALSE,4q3ewBCX7sLwd24euuV69X,2019,Bad Bunny,"reggaeton, trap latino, urbano latino, latin",2019,0
WELTiTA,5WEF0icHWmAZBBMglBd599,DeBÍ TiRAR MáS FOToS,89,187507,FALSE,4q3ewBCX7sLwd24euuV69X,2025,Bad Bunny,"reggaeton, trap latino, urbano latino, latin",2019,-6
DtMF,3sK8wGT43QFpWrvNQsrQya,DeBÍ TiRAR MáS FOToS,97,237117,TRUE,4q3ewBCX7sLwd24euuV69X,2025,Bad Bunny,"reggaeton, trap latino, urbano latino, latin",2020,-5
BAILE INoLVIDABLE,2lTm559tuIvatlT1u0JYG2,DeBÍ TiRAR MáS FOToS,96,367725,TRUE,4q3ewBCX7sLwd24euuV69X,2025,Bad Bunny,"reggaeton, trap latino, urbano latino, latin",2020,-5
EoO,6J5kc12BW5HuP3d7C3vvx8,DeBÍ TiRAR MáS FOToS,94,204768,TRUE,4q3ewBCX7sLwd24euuV69X,2025,Bad Bunny,"reggaeton, trap latino, urbano latino, latin",2020,-5
NUEVAYoL,5TFD2bmFKGhoCRbX61nXY5,DeBÍ TiRAR MáS FOToS,94,183685,FALSE,4q3ewBCX7sLwd24euuV69X,2025,Bad Bunny,"reggaeton, trap latino, urbano latino, latin",2020,-5
VOY A LLeVARTE PA PR,59D4DOkspUbWyMmbAPQkxZ,DeBÍ TiRAR MáS FOToS,93,156364,TRUE,4q3ewBCX7sLwd24euuV69X,2025,Bad Bunny,"reggaeton, trap latino, urbano latino, latin",2020,-5
VeLDÁ,7d6yK8v8J484SWH5prIQiE,DeBÍ TiRAR MáS FOToS,93,235336,TRUE,4q3ewBCX7sLwd24euuV69X,2025,Bad Bunny,"reggaeton, trap latino, urbano latino, latin",2020,-5
Qué Pasaría...,0l0vcZMU7AOeQmUIREoI2U,Cosa Nuestra,91,191018,TRUE,4q3ewBCX7sLwd24euuV69X,2024,Bad Bunny,"reggaeton, trap latino, urbano latino, latin",2020,-4
KLOuFRENS,4MUrUT38U98olfnyzMBCzm,DeBÍ TiRAR MáS FOToS,90,199114,TRUE,4q3ewBCX7sLwd24euuV69X,2025,Bad Bunny,"reggaeton, trap latino, urbano latino, latin",2020,-5
LA CANCIÓN,0fea68AdmYNygeTGI4RC18,OASIS,90,242573,FALSE,4q3ewBCX7sLwd24euuV69X,2019,Bad Bunny,"reggaeton, trap latino, urbano latino, latin",2020,1
WELTiTA,5WEF0icHWmAZBBMglBd599,DeBÍ TiRAR MáS FOToS,89,187507,FALSE,4q3ewBCX7sLwd24euuV69X,2025,Bad Bunny,"reggaeton, trap latino, urbano latino, latin",2020,-5
NOKIA,2u9S9JJ6hTZS3Vf22HOZKg,$ome $exy $ongs 4 U,94,241023,TRUE,3TVXtAsR1Inumwj472S9r4,2025,Drake,rap,2020,-5
One Dance,1zi7xx7UVEFkmKfv06H8x0,Views,89,173986,FALSE,3TVXtAsR1Inumwj472S9r4,2016,Drake,rap,2020,4
Passionfruit,5mCPDVBb16L4XQwDdbRUpz,More Life,87,298940,TRUE,3TVXtAsR1Inumwj472S9r4,2017,Drake,rap,2020,3
DIE TRYING,0NUqi0ps17YpLUC3kgsZq0,$ome $exy $ongs 4 U,87,195431,TRUE,3TVXtAsR1Inumwj472S9r4,2025,Drake,rap,2020,-5
She Will,0b4M7hd7mzLTm99MrMeZsp,Tha Carter IV (Complete Edition),81,305840,TRUE,3TVXtAsR1Inumwj472S9r4,2011,Drake,rap,2020,9
God's Plan,6DCZcSspjsKoFjzjrWoCdn,Scorpion,86,198973,TRUE,3TVXtAsR1Inumwj472S9r4,2018,Drake,rap,2020,2
WAIT FOR U (feat. Drake & Tems),59nOXPmaKlBfGMDeOVGrIK,I NEVER LIKED YOU,85,189893,TRUE,3TVXtAsR1Inumwj472S9r4,2022,Drake,rap,2020,-2
Headlines,6LxSe8YmdPxy095Ux6znaQ,Take Care (Deluxe),85,235986,TRUE,3TVXtAsR1Inumwj472S9r4,2011,Drake,rap,2020,9
9,1C7KSXR2GVxknex6I4ANco,Views,84,255786,TRUE,3TVXtAsR1Inumwj472S9r4,2016,Drake,rap,2020,4
Jimmy Cooks (feat. 21 Savage),3F5CgOj3wFlRv51JsHbxhe,"Honestly, Nevermind",83,218364,TRUE,3TVXtAsR1Inumwj472S9r4,2022,Drake,rap,2020,-2
LA CANCIÓN,0fea68AdmYNygeTGI4RC18,OASIS,90,242573,FALSE,1vyhD5VmyZ7KMfW5gqLgo5,2019,J Balvin,"reggaeton, latin",2020,1
Azul,2lCkncy6bIB0LTMT7kvrD1,Colores,86,205933,FALSE,1vyhD5VmyZ7KMfW5gqLgo5,2020,J Balvin,"reggaeton, latin",2020,0
X (feat. Maluma & Ozuna) - Remix,6JjPBQfI2Y8nIjnm65X6Pw,X (feat. Maluma & Ozuna) [Remix],86,235746,FALSE,1vyhD5VmyZ7KMfW5gqLgo5,2018,J Balvin,"reggaeton, latin",2020,2
+57,3mg9jYNC1NihbthlglzrWP,+57,85,298130,TRUE,1vyhD5VmyZ7KMfW5gqLgo5,2024,J Balvin,"reggaeton, latin",2020,-4
No Me Conoce - Remix,2beS6dD5rovBxSA1zYoSHR,Famouz,85,309120,FALSE,1vyhD5VmyZ7KMfW5gqLgo5,2019,J Balvin,"reggaeton, latin",2020,1
Mi Gente,7COfe3P7KgfwDwIRB8LIDw,Vibras,79,185040,FALSE,1vyhD5VmyZ7KMfW5gqLgo5,2018,J Balvin,"reggaeton, latin",2020,2
QUE PRETENDES,25ZAibhr3bdlMCLmubZDVt,OASIS,83,222346,FALSE,1vyhD5VmyZ7KMfW5gqLgo5,2019,J Balvin,"reggaeton, latin",2020,1
UN PESO,7hynhxDoDpgMIV12JuVtNa,OASIS,82,277106,FALSE,1vyhD5VmyZ7KMfW5gqLgo5,2019,J Balvin,"reggaeton, latin",2020,1
Downtown,3Ga6eKrUFf12ouh9Yw3v2D,Downtown,80,193456,FALSE,1vyhD5VmyZ7KMfW5gqLgo5,2017,J Balvin,"reggaeton, latin",2020,3
I Like It,58q2HKrzhC3ozto2nDdN4z,Invasion of Privacy,80,253390,TRUE,1vyhD5VmyZ7KMfW5gqLgo5,2018,J Balvin,"reggaeton, latin",2020,2
Lucid Dreams,285pBltuF7vW8TeWk8hdRR,Goodbye & Good Riddance,86,239835,TRUE,4MCBfE4596Uoi2O4DtmEMz,2018,Juice WRLD,"melodic rap, emo rap",2020,2
All Girls Are The Same,4VXIryQMWpIdGgYR4TrjT1,Goodbye & Good Riddance,85,165819,TRUE,4MCBfE4596Uoi2O4DtmEMz,2018,Juice WRLD,"melodic rap, emo rap",2020,2
Robbery,6iaSML1PIYq936g62BDtBq,Death Race For Love (Bonus Track Version),81,240050,TRUE,4MCBfE4596Uoi2O4DtmEMz,2019,Juice WRLD,"melodic rap, emo rap",2020,1
Empty Out Your Pockets,2QxekHjOYDnzNO5w8hu2D9,The Party Never Ends 2.0,80,135653,TRUE,4MCBfE4596Uoi2O4DtmEMz,2024,Juice WRLD,"melodic rap, emo rap",2020,-4
Let Me Know (I Wonder Why Freestyle),3wwo0bJvDSorOpNfzEkfXx,Let Me Know (I Wonder Why Freestyle),81,215380,TRUE,4MCBfE4596Uoi2O4DtmEMz,2019,Juice WRLD,"melodic rap, emo rap",2020,1
Wishing Well,2U5WueTLIK5WJLD7mvDODv,Legends Never Die,80,194621,TRUE,4MCBfE4596Uoi2O4DtmEMz,2020,Juice WRLD,"melodic rap, emo rap",2020,0
Hate Me,15og0pCEcTFWEXOFKdcJlU,Brightest Blue,78,188066,FALSE,4MCBfE4596Uoi2O4DtmEMz,2020,Juice WRLD,"melodic rap, emo rap",2020,0
Lean Wit Me,3oDkdAySo1VQQG0ptV7uwa,Goodbye & Good Riddance,80,175755,TRUE,4MCBfE4596Uoi2O4DtmEMz,2018,Juice WRLD,"melodic rap, emo rap",2020,2
Ransom (with Juice WRLD) - Remix,2WsuSYJNXGKXVYkHPnq2yp,We Love You Tecca,79,171253,TRUE,4MCBfE4596Uoi2O4DtmEMz,2019,Juice WRLD,"melodic rap, emo rap",2020,1
Armed And Dangerous,5wujBwqG7INdStqGd4tRMX,Goodbye & Good Riddance,79,169999,TRUE,4MCBfE4596Uoi2O4DtmEMz,2018,Juice WRLD,"melodic rap, emo rap",2020,2
Timeless (feat Playboi Carti),0FIDCNYYjNvPVimz5icugS,Hurry Up Tomorrow,95,256000,TRUE,1Xyo4u8uXC1ZmMpatF05PJ,2025,The Weeknd,,2020,-5
"One Of The Girls (with JENNIE, Lily Rose Depp)",7CyPwkp0oE8Ro9Dd5CUDjW,The Idol Episode 4 (Music from the HBO Original Series),94,244684,FALSE,1Xyo4u8uXC1ZmMpatF05PJ,2023,The Weeknd,,2020,-3
Starboy,7MXVkk9YMctZqd1Srtv4MB,Starboy,91,230453,TRUE,1Xyo4u8uXC1ZmMpatF05PJ,2016,The Weeknd,,2020,4
Blinding Lights,0VjIjW4GlUZAMYd2vXMi3b,After Hours,91,200040,FALSE,1Xyo4u8uXC1ZmMpatF05PJ,2020,The Weeknd,,2020,0
Die For You,2LBqCSwhJGcFQeTHMVGwy3,Starboy,88,260253,FALSE,1Xyo4u8uXC1ZmMpatF05PJ,2016,The Weeknd,,2020,4
São Paulo (feat. Anitta),7DY756WOLyOz2Xnhw4EFiC,Hurry Up Tomorrow,88,301623,TRUE,1Xyo4u8uXC1ZmMpatF05PJ,2025,The Weeknd,,2020,-5
RATHER LIE (with The Weeknd),68qeaZhtMZ6abrJCYt6nQn,MUSIC,88,209680,TRUE,1Xyo4u8uXC1ZmMpatF05PJ,2025,The Weeknd,,2020,-5
The Hills,7fBv7CLKzipRk6EC6TWHOB,Beauty Behind The Madness,88,242253,TRUE,1Xyo4u8uXC1ZmMpatF05PJ,2015,The Weeknd,,2020,5
Save Your Tears,5QO79kh1waicV47BqGRL3g,After Hours,88,215626,TRUE,1Xyo4u8uXC1ZmMpatF05PJ,2020,The Weeknd,,2020,0
Cry For Me,3AWDeHLc88XogCaCnZQLVI,Hurry Up Tomorrow,87,224136,TRUE,1Xyo4u8uXC1ZmMpatF05PJ,2025,The Weeknd,,2020,-5
DtMF,3sK8wGT43QFpWrvNQsrQya,DeBÍ TiRAR MáS FOToS,97,237117,TRUE,4q3ewBCX7sLwd24euuV69X,2025,Bad Bunny,"reggaeton, trap latino, urbano latino, latin",2021,-4
BAILE INoLVIDABLE,2lTm559tuIvatlT1u0JYG2,DeBÍ TiRAR MáS FOToS,96,367725,TRUE,4q3ewBCX7sLwd24euuV69X,2025,Bad Bunny,"reggaeton, trap latino, urbano latino, latin",2021,-4
EoO,6J5kc12BW5HuP3d7C3vvx8,DeBÍ TiRAR MáS FOToS,94,204768,TRUE,4q3ewBCX7sLwd24euuV69X,2025,Bad Bunny,"reggaeton, trap latino, urbano latino, latin",2021,-4
NUEVAYoL,5TFD2bmFKGhoCRbX61nXY5,DeBÍ TiRAR MáS FOToS,94,183685,FALSE,4q3ewBCX7sLwd24euuV69X,2025,Bad Bunny,"reggaeton, trap latino, urbano latino, latin",2021,-4
VOY A LLeVARTE PA PR,59D4DOkspUbWyMmbAPQkxZ,DeBÍ TiRAR MáS FOToS,93,156364,TRUE,4q3ewBCX7sLwd24euuV69X,2025,Bad Bunny,"reggaeton, trap latino, urbano latino, latin",2021,-4
VeLDÁ,7d6yK8v8J484SWH5prIQiE,DeBÍ TiRAR MáS FOToS,93,235336,TRUE,4q3ewBCX7sLwd24euuV69X,2025,Bad Bunny,"reggaeton, trap latino, urbano latino, latin",2021,-4
Qué Pasaría...,0l0vcZMU7AOeQmUIREoI2U,Cosa Nuestra,91,191018,TRUE,4q3ewBCX7sLwd24euuV69X,2024,Bad Bunny,"reggaeton, trap latino, urbano latino, latin",2021,-3
KLOuFRENS,4MUrUT38U98olfnyzMBCzm,DeBÍ TiRAR MáS FOToS,90,199114,TRUE,4q3ewBCX7sLwd24euuV69X,2025,Bad Bunny,"reggaeton, trap latino, urbano latino, latin",2021,-4
LA CANCIÓN,0fea68AdmYNygeTGI4RC18,OASIS,90,242573,FALSE,4q3ewBCX7sLwd24euuV69X,2019,Bad Bunny,"reggaeton, trap latino, urbano latino, latin",2021,2
WELTiTA,5WEF0icHWmAZBBMglBd599,DeBÍ TiRAR MáS FOToS,89,187507,FALSE,4q3ewBCX7sLwd24euuV69X,2025,Bad Bunny,"reggaeton, trap latino, urbano latino, latin",2021,-4
Cruel Summer,1BxfuPKGuaTgP7aM0Bbdwr,Lover,91,178426,FALSE,06HL4z0CvFAxyc27GXpf02,2019,Taylor Swift,,2021,2
Fortnight (feat. Post Malone),2OzhQlSqBEmt7hmkYxfT6m,THE TORTURED POETS DEPARTMENT,85,228965,FALSE,06HL4z0CvFAxyc27GXpf02,2024,Taylor Swift,,2021,-3
cardigan,4R2kfaDFhslZEMJqAFNpdd,folklore,86,239560,FALSE,06HL4z0CvFAxyc27GXpf02,2020,Taylor Swift,,2021,1
august,3hUxzQpSfdDqwM3ZTFQY0K,folklore,86,261922,FALSE,06HL4z0CvFAxyc27GXpf02,2020,Taylor Swift,,2021,1
Lover,1dGr1c8CrMLDpV6mPbImSI,Lover,87,221306,FALSE,06HL4z0CvFAxyc27GXpf02,2019,Taylor Swift,,2021,2
Blank Space,1p80LdxRV74UKvL8gnD7ky,1989,74,231826,FALSE,06HL4z0CvFAxyc27GXpf02,2014,Taylor Swift,,2021,7
Don’t Blame Me,1R0a2iXumgCiFb7HEZ7gUE,reputation,86,236413,FALSE,06HL4z0CvFAxyc27GXpf02,2017,Taylor Swift,,2021,4
I Can Do It With a Broken Heart,4q5YezDOIPcoLr8R81x9qy,THE TORTURED POETS DEPARTMENT,83,218004,TRUE,06HL4z0CvFAxyc27GXpf02,2024,Taylor Swift,,2021,-3
I Don’t Wanna Live Forever (Fifty Shades Darker),55n9yjI6qqXh5F2mYvUc2y,reputation Stadium Tour Surprise Song Playlist,84,247160,FALSE,06HL4z0CvFAxyc27GXpf02,2017,Taylor Swift,,2021,4
Anti-Hero,0V3wPSX9ygBnCm8psDIegu,Midnights,84,200690,FALSE,06HL4z0CvFAxyc27GXpf02,2022,Taylor Swift,,2021,-1
FAKE LOVE,6m1TWFMeon7ai9XLOzdbiR,Love Yourself 轉 'Tear',81,242333,FALSE,3Nrfpe0tUJi4K4DXYWgMUX,2018,BTS,k-pop,2021,3
My Universe,46HNZY1i7O6jwTA7Slo2PI,Music Of The Spheres,79,226198,FALSE,3Nrfpe0tUJi4K4DXYWgMUX,2021,BTS,k-pop,2021,0
Dynamite,5QDLhrAOJJdNAmCTJ8xMyW,BE,81,199053,FALSE,3Nrfpe0tUJi4K4DXYWgMUX,2020,BTS,k-pop,2021,1
Boy With Luv (feat. Halsey),4a9tbd947vo9K8Vti9JwcI,MAP OF THE SOUL : PERSONA,78,229773,FALSE,3Nrfpe0tUJi4K4DXYWgMUX,2019,BTS,k-pop,2021,2
Left and Right (Feat. Jung Kook of BTS),5Odq8ohlgIbQKMZivbWkEo,CHARLIE,76,154486,FALSE,3Nrfpe0tUJi4K4DXYWgMUX,2022,BTS,k-pop,2021,-1
Butter,6jjYDGxVJsWS0a5wlVF5vS,Proof,77,164952,FALSE,3Nrfpe0tUJi4K4DXYWgMUX,2022,BTS,k-pop,2021,-1
Life Goes On,5FVbvttjEvQ8r2BgUcJgNg,BE,77,207481,FALSE,3Nrfpe0tUJi4K4DXYWgMUX,2020,BTS,k-pop,2021,1
Run BTS,69xohKu8C1fsflYAiSNbwM,Proof,78,204939,FALSE,3Nrfpe0tUJi4K4DXYWgMUX,2022,BTS,k-pop,2021,-1
DNA,3uRLwBjI2TahxslcMTvpFs,Love Yourself 承 'Her',74,223122,FALSE,3Nrfpe0tUJi4K4DXYWgMUX,2017,BTS,k-pop,2021,4
Spring Day,2j1fFjWHCI9KJSwcuYAOyF,You Never Walk Alone,77,274097,FALSE,3Nrfpe0tUJi4K4DXYWgMUX,2017,BTS,k-pop,2021,4
NOKIA,2u9S9JJ6hTZS3Vf22HOZKg,$ome $exy $ongs 4 U,94,241023,TRUE,3TVXtAsR1Inumwj472S9r4,2025,Drake,rap,2021,-4
One Dance,1zi7xx7UVEFkmKfv06H8x0,Views,89,173986,FALSE,3TVXtAsR1Inumwj472S9r4,2016,Drake,rap,2021,5
Passionfruit,5mCPDVBb16L4XQwDdbRUpz,More Life,87,298940,TRUE,3TVXtAsR1Inumwj472S9r4,2017,Drake,rap,2021,4
DIE TRYING,0NUqi0ps17YpLUC3kgsZq0,$ome $exy $ongs 4 U,87,195431,TRUE,3TVXtAsR1Inumwj472S9r4,2025,Drake,rap,2021,-4
She Will,0b4M7hd7mzLTm99MrMeZsp,Tha Carter IV (Complete Edition),81,305840,TRUE,3TVXtAsR1Inumwj472S9r4,2011,Drake,rap,2021,10
God's Plan,6DCZcSspjsKoFjzjrWoCdn,Scorpion,86,198973,TRUE,3TVXtAsR1Inumwj472S9r4,2018,Drake,rap,2021,3
WAIT FOR U (feat. Drake & Tems),59nOXPmaKlBfGMDeOVGrIK,I NEVER LIKED YOU,85,189893,TRUE,3TVXtAsR1Inumwj472S9r4,2022,Drake,rap,2021,-1
Headlines,6LxSe8YmdPxy095Ux6znaQ,Take Care (Deluxe),85,235986,TRUE,3TVXtAsR1Inumwj472S9r4,2011,Drake,rap,2021,10
9,1C7KSXR2GVxknex6I4ANco,Views,84,255786,TRUE,3TVXtAsR1Inumwj472S9r4,2016,Drake,rap,2021,5
Jimmy Cooks (feat. 21 Savage),3F5CgOj3wFlRv51JsHbxhe,"Honestly, Nevermind",83,218364,TRUE,3TVXtAsR1Inumwj472S9r4,2022,Drake,rap,2021,-1
Beauty And A Beat,6QFCMUUq1T2Vf5sFUXcuQ7,Believe,85,227986,FALSE,1uNFoZAHBGtllmzznpCI3s,2012,Justin Bieber,,2021,9
Sorry,09CtPGIpYB4BrO8qb1RGsF,Purpose (Deluxe),87,200786,FALSE,1uNFoZAHBGtllmzznpCI3s,2015,Justin Bieber,,2021,6
Love Yourself,50kpGaPAhYJ3sGmk6vplg0,Purpose (Deluxe),87,233720,FALSE,1uNFoZAHBGtllmzznpCI3s,2015,Justin Bieber,,2021,6
STAY (with Justin Bieber),567e29TDzLwZwfDuEpGTwo,F*CK LOVE 3+: OVER YOU,82,141805,TRUE,1uNFoZAHBGtllmzznpCI3s,2021,Justin Bieber,,2021,0
Confident,3JsydWaf2Ev4ehaLUjj3SY,Journals,87,248133,FALSE,1uNFoZAHBGtllmzznpCI3s,2014,Justin Bieber,,2021,7
Ghost,6I3mqTwhRpn34SLVafSH7G,Justice,85,153190,FALSE,1uNFoZAHBGtllmzznpCI3s,2021,Justin Bieber,,2021,0
Baby,6epn3r7S14KUqlReYr77hA,My World 2.0,86,214240,FALSE,1uNFoZAHBGtllmzznpCI3s,2010,Justin Bieber,,2021,11
What Do You Mean?,4B0JvthVoAAuygILe3n4Bs,Purpose (Deluxe),84,205680,FALSE,1uNFoZAHBGtllmzznpCI3s,2015,Justin Bieber,,2021,6
bad guy,69u7FJV6RIbQS3VuqLPSwl,Playlist for Gamers,63,194839,FALSE,1uNFoZAHBGtllmzznpCI3s,2021,Justin Bieber,,2021,0
I Don't Care,6hvRoJ0BTZywxu8UCPBkzx,+-=÷× (Tour Collection),76,219946,FALSE,1uNFoZAHBGtllmzznpCI3s,2024,Justin Bieber,,2021,-3
DtMF,3sK8wGT43QFpWrvNQsrQya,DeBÍ TiRAR MáS FOToS,97,237117,TRUE,4q3ewBCX7sLwd24euuV69X,2025,Bad Bunny,"reggaeton, trap latino, urbano latino, latin",2022,-3
BAILE INoLVIDABLE,2lTm559tuIvatlT1u0JYG2,DeBÍ TiRAR MáS FOToS,96,367725,TRUE,4q3ewBCX7sLwd24euuV69X,2025,Bad Bunny,"reggaeton, trap latino, urbano latino, latin",2022,-3
EoO,6J5kc12BW5HuP3d7C3vvx8,DeBÍ TiRAR MáS FOToS,94,204768,TRUE,4q3ewBCX7sLwd24euuV69X,2025,Bad Bunny,"reggaeton, trap latino, urbano latino, latin",2022,-3
NUEVAYoL,5TFD2bmFKGhoCRbX61nXY5,DeBÍ TiRAR MáS FOToS,94,183685,FALSE,4q3ewBCX7sLwd24euuV69X,2025,Bad Bunny,"reggaeton, trap latino, urbano latino, latin",2022,-3
VOY A LLeVARTE PA PR,59D4DOkspUbWyMmbAPQkxZ,DeBÍ TiRAR MáS FOToS,93,156364,TRUE,4q3ewBCX7sLwd24euuV69X,2025,Bad Bunny,"reggaeton, trap latino, urbano latino, latin",2022,-3
VeLDÁ,7d6yK8v8J484SWH5prIQiE,DeBÍ TiRAR MáS FOToS,93,235336,TRUE,4q3ewBCX7sLwd24euuV69X,2025,Bad Bunny,"reggaeton, trap latino, urbano latino, latin",2022,-3
Qué Pasaría...,0l0vcZMU7AOeQmUIREoI2U,Cosa Nuestra,91,191018,TRUE,4q3ewBCX7sLwd24euuV69X,2024,Bad Bunny,"reggaeton, trap latino, urbano latino, latin",2022,-2
KLOuFRENS,4MUrUT38U98olfnyzMBCzm,DeBÍ TiRAR MáS FOToS,90,199114,TRUE,4q3ewBCX7sLwd24euuV69X,2025,Bad Bunny,"reggaeton, trap latino, urbano latino, latin",2022,-3
LA CANCIÓN,0fea68AdmYNygeTGI4RC18,OASIS,90,242573,FALSE,4q3ewBCX7sLwd24euuV69X,2019,Bad Bunny,"reggaeton, trap latino, urbano latino, latin",2022,3
WELTiTA,5WEF0icHWmAZBBMglBd599,DeBÍ TiRAR MáS FOToS,89,187507,FALSE,4q3ewBCX7sLwd24euuV69X,2025,Bad Bunny,"reggaeton, trap latino, urbano latino, latin",2022,-3
Cruel Summer,1BxfuPKGuaTgP7aM0Bbdwr,Lover,91,178426,FALSE,06HL4z0CvFAxyc27GXpf02,2019,Taylor Swift,,2022,3
Fortnight (feat. Post Malone),2OzhQlSqBEmt7hmkYxfT6m,THE TORTURED POETS DEPARTMENT,85,228965,FALSE,06HL4z0CvFAxyc27GXpf02,2024,Taylor Swift,,2022,-2
cardigan,4R2kfaDFhslZEMJqAFNpdd,folklore,86,239560,FALSE,06HL4z0CvFAxyc27GXpf02,2020,Taylor Swift,,2022,2
august,3hUxzQpSfdDqwM3ZTFQY0K,folklore,86,261922,FALSE,06HL4z0CvFAxyc27GXpf02,2020,Taylor Swift,,2022,2
Lover,1dGr1c8CrMLDpV6mPbImSI,Lover,87,221306,FALSE,06HL4z0CvFAxyc27GXpf02,2019,Taylor Swift,,2022,3
Blank Space,1p80LdxRV74UKvL8gnD7ky,1989,74,231826,FALSE,06HL4z0CvFAxyc27GXpf02,2014,Taylor Swift,,2022,8
Don’t Blame Me,1R0a2iXumgCiFb7HEZ7gUE,reputation,86,236413,FALSE,06HL4z0CvFAxyc27GXpf02,2017,Taylor Swift,,2022,5
I Can Do It With a Broken Heart,4q5YezDOIPcoLr8R81x9qy,THE TORTURED POETS DEPARTMENT,83,218004,TRUE,06HL4z0CvFAxyc27GXpf02,2024,Taylor Swift,,2022,-2
I Don’t Wanna Live Forever (Fifty Shades Darker),55n9yjI6qqXh5F2mYvUc2y,reputation Stadium Tour Surprise Song Playlist,84,247160,FALSE,06HL4z0CvFAxyc27GXpf02,2017,Taylor Swift,,2022,5
Anti-Hero,0V3wPSX9ygBnCm8psDIegu,Midnights,84,200690,FALSE,06HL4z0CvFAxyc27GXpf02,2022,Taylor Swift,,2022,0
NOKIA,2u9S9JJ6hTZS3Vf22HOZKg,$ome $exy $ongs 4 U,94,241023,TRUE,3TVXtAsR1Inumwj472S9r4,2025,Drake,rap,2022,-3
One Dance,1zi7xx7UVEFkmKfv06H8x0,Views,89,173986,FALSE,3TVXtAsR1Inumwj472S9r4,2016,Drake,rap,2022,6
Passionfruit,5mCPDVBb16L4XQwDdbRUpz,More Life,87,298940,TRUE,3TVXtAsR1Inumwj472S9r4,2017,Drake,rap,2022,5
DIE TRYING,0NUqi0ps17YpLUC3kgsZq0,$ome $exy $ongs 4 U,87,195431,TRUE,3TVXtAsR1Inumwj472S9r4,2025,Drake,rap,2022,-3
She Will,0b4M7hd7mzLTm99MrMeZsp,Tha Carter IV (Complete Edition),81,305840,TRUE,3TVXtAsR1Inumwj472S9r4,2011,Drake,rap,2022,11
God's Plan,6DCZcSspjsKoFjzjrWoCdn,Scorpion,86,198973,TRUE,3TVXtAsR1Inumwj472S9r4,2018,Drake,rap,2022,4
WAIT FOR U (feat. Drake & Tems),59nOXPmaKlBfGMDeOVGrIK,I NEVER LIKED YOU,85,189893,TRUE,3TVXtAsR1Inumwj472S9r4,2022,Drake,rap,2022,0
Headlines,6LxSe8YmdPxy095Ux6znaQ,Take Care (Deluxe),85,235986,TRUE,3TVXtAsR1Inumwj472S9r4,2011,Drake,rap,2022,11
9,1C7KSXR2GVxknex6I4ANco,Views,84,255786,TRUE,3TVXtAsR1Inumwj472S9r4,2016,Drake,rap,2022,6
Jimmy Cooks (feat. 21 Savage),3F5CgOj3wFlRv51JsHbxhe,"Honestly, Nevermind",83,218364,TRUE,3TVXtAsR1Inumwj472S9r4,2022,Drake,rap,2022,0
Timeless (feat Playboi Carti),0FIDCNYYjNvPVimz5icugS,Hurry Up Tomorrow,95,256000,TRUE,1Xyo4u8uXC1ZmMpatF05PJ,2025,The Weeknd,,2022,-3
"One Of The Girls (with JENNIE, Lily Rose Depp)",7CyPwkp0oE8Ro9Dd5CUDjW,The Idol Episode 4 (Music from the HBO Original Series),94,244684,FALSE,1Xyo4u8uXC1ZmMpatF05PJ,2023,The Weeknd,,2022,-1
Starboy,7MXVkk9YMctZqd1Srtv4MB,Starboy,91,230453,TRUE,1Xyo4u8uXC1ZmMpatF05PJ,2016,The Weeknd,,2022,6
Blinding Lights,0VjIjW4GlUZAMYd2vXMi3b,After Hours,91,200040,FALSE,1Xyo4u8uXC1ZmMpatF05PJ,2020,The Weeknd,,2022,2
Die For You,2LBqCSwhJGcFQeTHMVGwy3,Starboy,88,260253,FALSE,1Xyo4u8uXC1ZmMpatF05PJ,2016,The Weeknd,,2022,6
São Paulo (feat. Anitta),7DY756WOLyOz2Xnhw4EFiC,Hurry Up Tomorrow,88,301623,TRUE,1Xyo4u8uXC1ZmMpatF05PJ,2025,The Weeknd,,2022,-3
RATHER LIE (with The Weeknd),68qeaZhtMZ6abrJCYt6nQn,MUSIC,88,209680,TRUE,1Xyo4u8uXC1ZmMpatF05PJ,2025,The Weeknd,,2022,-3
The Hills,7fBv7CLKzipRk6EC6TWHOB,Beauty Behind The Madness,88,242253,TRUE,1Xyo4u8uXC1ZmMpatF05PJ,2015,The Weeknd,,2022,7
Save Your Tears,5QO79kh1waicV47BqGRL3g,After Hours,88,215626,TRUE,1Xyo4u8uXC1ZmMpatF05PJ,2020,The Weeknd,,2022,2
Cry For Me,3AWDeHLc88XogCaCnZQLVI,Hurry Up Tomorrow,87,224136,TRUE,1Xyo4u8uXC1ZmMpatF05PJ,2025,The Weeknd,,2022,-3
FAKE LOVE,6m1TWFMeon7ai9XLOzdbiR,Love Yourself 轉 'Tear',81,242333,FALSE,3Nrfpe0tUJi4K4DXYWgMUX,2018,BTS,k-pop,2022,4
My Universe,46HNZY1i7O6jwTA7Slo2PI,Music Of The Spheres,79,226198,FALSE,3Nrfpe0tUJi4K4DXYWgMUX,2021,BTS,k-pop,2022,1
Dynamite,5QDLhrAOJJdNAmCTJ8xMyW,BE,81,199053,FALSE,3Nrfpe0tUJi4K4DXYWgMUX,2020,BTS,k-pop,2022,2
Boy With Luv (feat. Halsey),4a9tbd947vo9K8Vti9JwcI,MAP OF THE SOUL : PERSONA,78,229773,FALSE,3Nrfpe0tUJi4K4DXYWgMUX,2019,BTS,k-pop,2022,3
Left and Right (Feat. Jung Kook of BTS),5Odq8ohlgIbQKMZivbWkEo,CHARLIE,76,154486,FALSE,3Nrfpe0tUJi4K4DXYWgMUX,2022,BTS,k-pop,2022,0
Butter,6jjYDGxVJsWS0a5wlVF5vS,Proof,77,164952,FALSE,3Nrfpe0tUJi4K4DXYWgMUX,2022,BTS,k-pop,2022,0
Life Goes On,5FVbvttjEvQ8r2BgUcJgNg,BE,77,207481,FALSE,3Nrfpe0tUJi4K4DXYWgMUX,2020,BTS,k-pop,2022,2
Run BTS,69xohKu8C1fsflYAiSNbwM,Proof,78,204939,FALSE,3Nrfpe0tUJi4K4DXYWgMUX,2022,BTS,k-pop,2022,0
DNA,3uRLwBjI2TahxslcMTvpFs,Love Yourself 承 'Her',74,223122,FALSE,3Nrfpe0tUJi4K4DXYWgMUX,2017,BTS,k-pop,2022,5
Spring Day,2j1fFjWHCI9KJSwcuYAOyF,You Never Walk Alone,77,274097,FALSE,3Nrfpe0tUJi4K4DXYWgMUX,2017,BTS,k-pop,2022,5
Cruel Summer,1BxfuPKGuaTgP7aM0Bbdwr,Lover,91,178426,FALSE,06HL4z0CvFAxyc27GXpf02,2019,Taylor Swift,,2023,4
Fortnight (feat. Post Malone),2OzhQlSqBEmt7hmkYxfT6m,THE TORTURED POETS DEPARTMENT,85,228965,FALSE,06HL4z0CvFAxyc27GXpf02,2024,Taylor Swift,,2023,-1
cardigan,4R2kfaDFhslZEMJqAFNpdd,folklore,86,239560,FALSE,06HL4z0CvFAxyc27GXpf02,2020,Taylor Swift,,2023,3
august,3hUxzQpSfdDqwM3ZTFQY0K,folklore,86,261922,FALSE,06HL4z0CvFAxyc27GXpf02,2020,Taylor Swift,,2023,3
Lover,1dGr1c8CrMLDpV6mPbImSI,Lover,87,221306,FALSE,06HL4z0CvFAxyc27GXpf02,2019,Taylor Swift,,2023,4
Blank Space,1p80LdxRV74UKvL8gnD7ky,1989,74,231826,FALSE,06HL4z0CvFAxyc27GXpf02,2014,Taylor Swift,,2023,9
Don’t Blame Me,1R0a2iXumgCiFb7HEZ7gUE,reputation,86,236413,FALSE,06HL4z0CvFAxyc27GXpf02,2017,Taylor Swift,,2023,6
I Can Do It With a Broken Heart,4q5YezDOIPcoLr8R81x9qy,THE TORTURED POETS DEPARTMENT,83,218004,TRUE,06HL4z0CvFAxyc27GXpf02,2024,Taylor Swift,,2023,-1
I Don’t Wanna Live Forever (Fifty Shades Darker),55n9yjI6qqXh5F2mYvUc2y,reputation Stadium Tour Surprise Song Playlist,84,247160,FALSE,06HL4z0CvFAxyc27GXpf02,2017,Taylor Swift,,2023,6
Anti-Hero,0V3wPSX9ygBnCm8psDIegu,Midnights,84,200690,FALSE,06HL4z0CvFAxyc27GXpf02,2022,Taylor Swift,,2023,1
DtMF,3sK8wGT43QFpWrvNQsrQya,DeBÍ TiRAR MáS FOToS,97,237117,TRUE,4q3ewBCX7sLwd24euuV69X,2025,Bad Bunny,"reggaeton, trap latino, urbano latino, latin",2023,-2
BAILE INoLVIDABLE,2lTm559tuIvatlT1u0JYG2,DeBÍ TiRAR MáS FOToS,96,367725,TRUE,4q3ewBCX7sLwd24euuV69X,2025,Bad Bunny,"reggaeton, trap latino, urbano latino, latin",2023,-2
EoO,6J5kc12BW5HuP3d7C3vvx8,DeBÍ TiRAR MáS FOToS,94,204768,TRUE,4q3ewBCX7sLwd24euuV69X,2025,Bad Bunny,"reggaeton, trap latino, urbano latino, latin",2023,-2
NUEVAYoL,5TFD2bmFKGhoCRbX61nXY5,DeBÍ TiRAR MáS FOToS,94,183685,FALSE,4q3ewBCX7sLwd24euuV69X,2025,Bad Bunny,"reggaeton, trap latino, urbano latino, latin",2023,-2
VOY A LLeVARTE PA PR,59D4DOkspUbWyMmbAPQkxZ,DeBÍ TiRAR MáS FOToS,93,156364,TRUE,4q3ewBCX7sLwd24euuV69X,2025,Bad Bunny,"reggaeton, trap latino, urbano latino, latin",2023,-2
VeLDÁ,7d6yK8v8J484SWH5prIQiE,DeBÍ TiRAR MáS FOToS,93,235336,TRUE,4q3ewBCX7sLwd24euuV69X,2025,Bad Bunny,"reggaeton, trap latino, urbano latino, latin",2023,-2
Qué Pasaría...,0l0vcZMU7AOeQmUIREoI2U,Cosa Nuestra,91,191018,TRUE,4q3ewBCX7sLwd24euuV69X,2024,Bad Bunny,"reggaeton, trap latino, urbano latino, latin",2023,-1
KLOuFRENS,4MUrUT38U98olfnyzMBCzm,DeBÍ TiRAR MáS FOToS,90,199114,TRUE,4q3ewBCX7sLwd24euuV69X,2025,Bad Bunny,"reggaeton, trap latino, urbano latino, latin",2023,-2
LA CANCIÓN,0fea68AdmYNygeTGI4RC18,OASIS,90,242573,FALSE,4q3ewBCX7sLwd24euuV69X,2019,Bad Bunny,"reggaeton, trap latino, urbano latino, latin",2023,4
WELTiTA,5WEF0icHWmAZBBMglBd599,DeBÍ TiRAR MáS FOToS,89,187507,FALSE,4q3ewBCX7sLwd24euuV69X,2025,Bad Bunny,"reggaeton, trap latino, urbano latino, latin",2023,-2
Timeless (feat Playboi Carti),0FIDCNYYjNvPVimz5icugS,Hurry Up Tomorrow,95,256000,TRUE,1Xyo4u8uXC1ZmMpatF05PJ,2025,The Weeknd,,2023,-2
"One Of The Girls (with JENNIE, Lily Rose Depp)",7CyPwkp0oE8Ro9Dd5CUDjW,The Idol Episode 4 (Music from the HBO Original Series),94,244684,FALSE,1Xyo4u8uXC1ZmMpatF05PJ,2023,The Weeknd,,2023,0
Starboy,7MXVkk9YMctZqd1Srtv4MB,Starboy,91,230453,TRUE,1Xyo4u8uXC1ZmMpatF05PJ,2016,The Weeknd,,2023,7
Blinding Lights,0VjIjW4GlUZAMYd2vXMi3b,After Hours,91,200040,FALSE,1Xyo4u8uXC1ZmMpatF05PJ,2020,The Weeknd,,2023,3
Die For You,2LBqCSwhJGcFQeTHMVGwy3,Starboy,88,260253,FALSE,1Xyo4u8uXC1ZmMpatF05PJ,2016,The Weeknd,,2023,7
São Paulo (feat. Anitta),7DY756WOLyOz2Xnhw4EFiC,Hurry Up Tomorrow,88,301623,TRUE,1Xyo4u8uXC1ZmMpatF05PJ,2025,The Weeknd,,2023,-2
RATHER LIE (with The Weeknd),68qeaZhtMZ6abrJCYt6nQn,MUSIC,88,209680,TRUE,1Xyo4u8uXC1ZmMpatF05PJ,2025,The Weeknd,,2023,-2
The Hills,7fBv7CLKzipRk6EC6TWHOB,Beauty Behind The Madness,88,242253,TRUE,1Xyo4u8uXC1ZmMpatF05PJ,2015,The Weeknd,,2023,8
Save Your Tears,5QO79kh1waicV47BqGRL3g,After Hours,88,215626,TRUE,1Xyo4u8uXC1ZmMpatF05PJ,2020,The Weeknd,,2023,3
Cry For Me,3AWDeHLc88XogCaCnZQLVI,Hurry Up Tomorrow,87,224136,TRUE,1Xyo4u8uXC1ZmMpatF05PJ,2025,The Weeknd,,2023,-2
NOKIA,2u9S9JJ6hTZS3Vf22HOZKg,$ome $exy $ongs 4 U,94,241023,TRUE,3TVXtAsR1Inumwj472S9r4,2025,Drake,rap,2023,-2
One Dance,1zi7xx7UVEFkmKfv06H8x0,Views,89,173986,FALSE,3TVXtAsR1Inumwj472S9r4,2016,Drake,rap,2023,7
Passionfruit,5mCPDVBb16L4XQwDdbRUpz,More Life,87,298940,TRUE,3TVXtAsR1Inumwj472S9r4,2017,Drake,rap,2023,6
DIE TRYING,0NUqi0ps17YpLUC3kgsZq0,$ome $exy $ongs 4 U,87,195431,TRUE,3TVXtAsR1Inumwj472S9r4,2025,Drake,rap,2023,-2
She Will,0b4M7hd7mzLTm99MrMeZsp,Tha Carter IV (Complete Edition),81,305840,TRUE,3TVXtAsR1Inumwj472S9r4,2011,Drake,rap,2023,12
God's Plan,6DCZcSspjsKoFjzjrWoCdn,Scorpion,86,198973,TRUE,3TVXtAsR1Inumwj472S9r4,2018,Drake,rap,2023,5
WAIT FOR U (feat. Drake & Tems),59nOXPmaKlBfGMDeOVGrIK,I NEVER LIKED YOU,85,189893,TRUE,3TVXtAsR1Inumwj472S9r4,2022,Drake,rap,2023,1
Headlines,6LxSe8YmdPxy095Ux6znaQ,Take Care (Deluxe),85,235986,TRUE,3TVXtAsR1Inumwj472S9r4,2011,Drake,rap,2023,12
9,1C7KSXR2GVxknex6I4ANco,Views,84,255786,TRUE,3TVXtAsR1Inumwj472S9r4,2016,Drake,rap,2023,7
Jimmy Cooks (feat. 21 Savage),3F5CgOj3wFlRv51JsHbxhe,"Honestly, Nevermind",83,218364,TRUE,3TVXtAsR1Inumwj472S9r4,2022,Drake,rap,2023,1
Morena,4oB8Xd7gMlUEtWoD8bmCXW,Mi Vida Mi Muerte,92,193728,FALSE,12GqGscKJx3aE4t07u7eVZ,2025,Peso Pluma,"corrido, corridos tumbados, corridos bélicos, música mexicana, sad sierreño, banda, electro corridos",2023,-2
DOS DÍAS,5lKFO0PrOC9jmOlPEdjHsL,INCÓMODO,88,153928,TRUE,12GqGscKJx3aE4t07u7eVZ,2024,Peso Pluma,"corrido, corridos tumbados, corridos bélicos, música mexicana, sad sierreño, banda, electro corridos",2023,-1
HOLLYWOOD,5GTBdEjZe7zEDp1N0eCZE4,ÉXODO,85,284864,TRUE,12GqGscKJx3aE4t07u7eVZ,2024,Peso Pluma,"corrido, corridos tumbados, corridos bélicos, música mexicana, sad sierreño, banda, electro corridos",2023,-1
QLONA,5RqSsdzTNPX1uzkmlHCFvK,MAÑANA SERÁ BONITO (BICHOTA SEASON),84,172797,TRUE,12GqGscKJx3aE4t07u7eVZ,2023,Peso Pluma,"corrido, corridos tumbados, corridos bélicos, música mexicana, sad sierreño, banda, electro corridos",2023,0
LA PATRULLA,2aYZaN5SmkRDLsrrV8GkBQ,ÉXODO,84,130614,TRUE,12GqGscKJx3aE4t07u7eVZ,2024,Peso Pluma,"corrido, corridos tumbados, corridos bélicos, música mexicana, sad sierreño, banda, electro corridos",2023,-1
NUEVA VIDA,4Nf5EZ40JenjMUKXOiyRU5,GÉNESIS,84,190680,TRUE,12GqGscKJx3aE4t07u7eVZ,2023,Peso Pluma,"corrido, corridos tumbados, corridos bélicos, música mexicana, sad sierreño, banda, electro corridos",2023,0
Ella Baila Sola,3qQbCzHBycnDpGskqOWY0E,DESVELADO,75,165671,FALSE,12GqGscKJx3aE4t07u7eVZ,2023,Peso Pluma,"corrido, corridos tumbados, corridos bélicos, música mexicana, sad sierreño, banda, electro corridos",2023,0
SANTAL 33,02cRoSfWU3RJNFyU3o4lhV,ÉXODO,80,190303,TRUE,12GqGscKJx3aE4t07u7eVZ,2024,Peso Pluma,"corrido, corridos tumbados, corridos bélicos, música mexicana, sad sierreño, banda, electro corridos",2023,-1
LOS CUADROS,41EOhpn50qvd8iZSKw531W,LOS CUADROS,81,160409,TRUE,12GqGscKJx3aE4t07u7eVZ,2024,Peso Pluma,"corrido, corridos tumbados, corridos bélicos, música mexicana, sad sierreño, banda, electro corridos",2023,-1
Bandida,4dF08DjAjgactxNnsjRod6,Bandida,82,165026,TRUE,12GqGscKJx3aE4t07u7eVZ,2025,Peso Pluma,"corrido, corridos tumbados, corridos bélicos, música mexicana, sad sierreño, banda, electro corridos",2023,-2
LUNA,7bywjHOc0wSjGGbj04XbVi,FERXXOCALIPSIS,89,196800,FALSE,2LRoIwlKmHjgvigdNGBHNo,2023,Feid,"reggaeton, urbano latino",2023,0
PERRO NEGRO,7iQXYTyuG13aoeHxGG28Nh,nadie sabe lo que va a pasar mañana,86,162767,TRUE,2LRoIwlKmHjgvigdNGBHNo,2023,Feid,"reggaeton, urbano latino",2023,0
+57,3mg9jYNC1NihbthlglzrWP,+57,85,298130,TRUE,2LRoIwlKmHjgvigdNGBHNo,2024,Feid,"reggaeton, urbano latino",2023,-1
Hey Mor,1zsPaEkglFvxjAhrM8yhpr,OzuTochi,83,196600,FALSE,2LRoIwlKmHjgvigdNGBHNo,2022,Feid,"reggaeton, urbano latino",2023,1
Feliz Cumpleaños Ferxxo,2CeKVsFFXG4QzA415QygGb,FELIZ CUMPLEAÑOS FERXXO TE PIRATEAMOS EL ÁLBUM,83,155960,FALSE,2LRoIwlKmHjgvigdNGBHNo,2022,Feid,"reggaeton, urbano latino",2023,1
CLASSY 101,1hZsWUnLbqRw09jLAMQSsb,FERXXOCALIPSIS,80,195586,TRUE,2LRoIwlKmHjgvigdNGBHNo,2023,Feid,"reggaeton, urbano latino",2023,0
Normal,0T2pB7P1VdXPhLdQZ488uH,FELIZ CUMPLEAÑOS FERXXO TE PIRATEAMOS EL ÁLBUM,81,171880,TRUE,2LRoIwlKmHjgvigdNGBHNo,2022,Feid,"reggaeton, urbano latino",2023,1
SORRY 4 THAT MUCH,63pLfjK6FvcYJYMGwtHjd6,SORRY 4 THAT MUCH,82,207746,TRUE,2LRoIwlKmHjgvigdNGBHNo,2024,Feid,"reggaeton, urbano latino",2023,-1
SE ME OLVIDA,2gmd7lY3QSzLh0xIY4cRvi,SE ME OLVIDA,82,225373,TRUE,2LRoIwlKmHjgvigdNGBHNo,2024,Feid,"reggaeton, urbano latino",2023,-1
LA INOCENTE,5jt25aFjW2kNoBqaEVaz5W,MICRODOSIS,82,202173,TRUE,2LRoIwlKmHjgvigdNGBHNo,2022,Feid,"reggaeton, urbano latino",2023,1
FE!N (feat. Playboi Carti),42VsgItocQwOQC3XWZ8JNA,UTOPIA,88,191700,TRUE,0Y5tJX1MQlPlqiwlOH1tJY,2023,Travis Scott,rap,2023,0
goosebumps,6gBFPUFcJLzWGx4lenP6h2,Birds In The Trap Sing McKnight,87,243836,TRUE,0Y5tJX1MQlPlqiwlOH1tJY,2016,Travis Scott,rap,2023,7
Open Arms (feat. Travis Scott),6koKhrBBcExADvWuOgceNZ,SOS,84,239613,FALSE,0Y5tJX1MQlPlqiwlOH1tJY,2022,Travis Scott,rap,2023,1
SICKO MODE,2xLMifQCjDGFmkHkpNLD9h,ASTROWORLD,86,312820,TRUE,0Y5tJX1MQlPlqiwlOH1tJY,2018,Travis Scott,rap,2023,5
HIGHEST IN THE ROOM,3eekarcy7kvN4yt5ZFzltW,HIGHEST IN THE ROOM,85,175720,TRUE,0Y5tJX1MQlPlqiwlOH1tJY,2019,Travis Scott,rap,2023,4
Type Shit,28drn6tQo95MRvO0jQEo5C,WE DON'T TRUST YOU,85,228266,TRUE,0Y5tJX1MQlPlqiwlOH1tJY,2024,Travis Scott,rap,2023,-1
Trance (with Travis Scott & Young Thug),5wG3HvLhF6Y5KTGlK0IW3J,HEROES & VILLAINS,85,194786,TRUE,0Y5tJX1MQlPlqiwlOH1tJY,2022,Travis Scott,rap,2023,1
BUTTERFLY EFFECT,2cYqizR4lgvp4Qu6IQ3qGN,ASTROWORLD,83,190557,FALSE,0Y5tJX1MQlPlqiwlOH1tJY,2018,Travis Scott,rap,2023,5
MY EYES,4kjI1gwQZRKNDkw1nI475M,UTOPIA,84,251249,TRUE,0Y5tJX1MQlPlqiwlOH1tJY,2023,Travis Scott,rap,2023,0
I KNOW ?,6wsqVwoiVH2kde4k4KKAFU,UTOPIA,83,211582,TRUE,0Y5tJX1MQlPlqiwlOH1tJY,2023,Travis Scott,rap,2023,0
luther (with sza),2CGNAOSuO1MEFCbBRgUzjd,GNX,92,177598,FALSE,7tYKF4w9nC0nq9CsPZTHyP,2024,SZA,r&b,2023,-1
All The Stars (with SZA),3GCdLUSnKSMJhs4Tj6CV3s,Black Panther The Album Music From And Inspired By,94,232186,TRUE,7tYKF4w9nC0nq9CsPZTHyP,2018,SZA,r&b,2023,5
Snooze,4iZ4pt7kvcaH6Yo8UoZ4s2,SOS,90,201800,TRUE,7tYKF4w9nC0nq9CsPZTHyP,2022,SZA,r&b,2023,1
Saturn,040I32EKLxQrkuxQu1pqvT,SOS Deluxe: LANA,84,186191,FALSE,7tYKF4w9nC0nq9CsPZTHyP,2024,SZA,r&b,2023,-1
Kill Bill,1Qrg8KqiBpW07V7PNxwwwL,SOS,85,153946,FALSE,7tYKF4w9nC0nq9CsPZTHyP,2022,SZA,r&b,2023,1
Good Days,4PMqSO5qyjpvzhlLI5GnID,SOS,85,278480,TRUE,7tYKF4w9nC0nq9CsPZTHyP,2022,SZA,r&b,2023,1
BMF,3U3hFkMr0Q90pD24EkE3Pr,SOS Deluxe: LANA,87,180746,TRUE,7tYKF4w9nC0nq9CsPZTHyP,2024,SZA,r&b,2023,-1
Open Arms (feat. Travis Scott),6koKhrBBcExADvWuOgceNZ,SOS,84,239613,FALSE,7tYKF4w9nC0nq9CsPZTHyP,2022,SZA,r&b,2023,1
30 For 30 (with Kendrick Lamar),3aSWXU6owkZeVhh94XxEWO,SOS Deluxe: LANA,86,278277,TRUE,7tYKF4w9nC0nq9CsPZTHyP,2024,SZA,r&b,2023,-1
Nobody Gets Me,5Y35SjAfXjjG0sFQ3KOxmm,SOS,86,180853,TRUE,7tYKF4w9nC0nq9CsPZTHyP,2022,SZA,r&b,2023,1
Si Antes Te Hubiera Conocido,6WatFBLVB0x077xWeoVc2k,Si Antes Te Hubiera Conocido,94,195824,FALSE,790FomKkXshlbRYZFtlgla,2024,KAROL G,"reggaeton, latin, urbano latino",2023,-1
PROVENZA,3HqcNJdZ2seoGxhn0wVNDK,MAÑANA SERÁ BONITO,85,207626,FALSE,790FomKkXshlbRYZFtlgla,2023,KAROL G,"reggaeton, latin, urbano latino",2023,0
Milagros,1B1maIpcMpPDZ8GT0WHT0V,Milagros,87,235026,FALSE,790FomKkXshlbRYZFtlgla,2025,KAROL G,"reggaeton, latin, urbano latino",2023,-2
TQG,0DWdj2oZMBFSzRsi2Cvfzf,MAÑANA SERÁ BONITO,85,197933,TRUE,790FomKkXshlbRYZFtlgla,2023,KAROL G,"reggaeton, latin, urbano latino",2023,0
AMARGURA,505v13epFXodT9fVAJ6h8k,MAÑANA SERÁ BONITO,85,170480,TRUE,790FomKkXshlbRYZFtlgla,2023,KAROL G,"reggaeton, latin, urbano latino",2023,0
QLONA,5RqSsdzTNPX1uzkmlHCFvK,MAÑANA SERÁ BONITO (BICHOTA SEASON),84,172797,TRUE,790FomKkXshlbRYZFtlgla,2023,KAROL G,"reggaeton, latin, urbano latino",2023,0
LATINA FOREVA,10MpBpx64MNixmUMNj7f6b,LATINA FOREVA,86,159452,TRUE,790FomKkXshlbRYZFtlgla,2025,KAROL G,"reggaeton, latin, urbano latino",2023,-2
+57,3mg9jYNC1NihbthlglzrWP,+57,85,298130,TRUE,790FomKkXshlbRYZFtlgla,2024,KAROL G,"reggaeton, latin, urbano latino",2023,-1
MI EX TENÍA RAZÓN,54zcJnb3tp9c5OVKREZ1Is,MAÑANA SERÁ BONITO (BICHOTA SEASON),83,154374,FALSE,790FomKkXshlbRYZFtlgla,2023,KAROL G,"reggaeton, latin, urbano latino",2023,0
X SI VOLVEMOS,4NoOME4Dhf4xgxbHDT7VGe,MAÑANA SERÁ BONITO,81,200120,TRUE,790FomKkXshlbRYZFtlgla,2023,KAROL G,"reggaeton, latin, urbano latino",2023,0
Summertime Sadness,1Ist6PR2BZR3n2z2Y5R6S1,Born To Die – Paradise Edition (Special Version),78,264773,FALSE,00FQb4jTyendYWaN8pK0wa,2012,Lana Del Rey,,2023,11
Young And Beautiful,2nMeu6UenVvwUktBCpLMK9,Young And Beautiful,89,236053,FALSE,00FQb4jTyendYWaN8pK0wa,2013,Lana Del Rey,,2023,10
Cinnamon Girl,2mdEsXPu8ZmkHRRtAdC09e,Norman Fucking Rockwell!,88,300683,FALSE,00FQb4jTyendYWaN8pK0wa,2019,Lana Del Rey,,2023,4
Say Yes To Heaven,6GGtHZgBycCgGBUhZo81xe,Say Yes To Heaven,87,209156,FALSE,00FQb4jTyendYWaN8pK0wa,2023,Lana Del Rey,,2023,0
Brooklyn Baby,1NZs6n6hl8UuMaX0UC0YTz,Ultraviolence (Deluxe),86,351640,TRUE,00FQb4jTyendYWaN8pK0wa,2014,Lana Del Rey,,2023,9
West Coast,5Y6nVaayzitvsD5F7nr3DV,Ultraviolence (Deluxe),86,256760,FALSE,00FQb4jTyendYWaN8pK0wa,2014,Lana Del Rey,,2023,9
Video Games,3WD91HQDBIavSapet3ZpjG,Born To Die – Paradise Edition (Special Version),75,281946,FALSE,00FQb4jTyendYWaN8pK0wa,2012,Lana Del Rey,,2023,11
Born To Die,5wEreUfwxZxWnEol61ulIi,Born To Die – Paradise Edition (Special Version),72,286253,FALSE,00FQb4jTyendYWaN8pK0wa,2012,Lana Del Rey,,2023,11
Diet Mountain Dew,6BFnRhvKCclDQOajt8dBGi,Born To Die – Paradise Edition (Special Version),71,222920,FALSE,00FQb4jTyendYWaN8pK0wa,2012,Lana Del Rey,,2023,11
Margaret (feat. Bleachers),1o82DwNisONAd2mu1RcGE6,Did you know that there's a tunnel under Ocean Blvd,83,339890,FALSE,00FQb4jTyendYWaN8pK0wa,2023,Lana Del Rey,,2023,0
Cruel Summer,1BxfuPKGuaTgP7aM0Bbdwr,Lover,91,178426,FALSE,06HL4z0CvFAxyc27GXpf02,2019,Taylor Swift,,2024,5
Fortnight (feat. Post Malone),2OzhQlSqBEmt7hmkYxfT6m,THE TORTURED POETS DEPARTMENT,85,228965,FALSE,06HL4z0CvFAxyc27GXpf02,2024,Taylor Swift,,2024,0
cardigan,4R2kfaDFhslZEMJqAFNpdd,folklore,86,239560,FALSE,06HL4z0CvFAxyc27GXpf02,2020,Taylor Swift,,2024,4
august,3hUxzQpSfdDqwM3ZTFQY0K,folklore,86,261922,FALSE,06HL4z0CvFAxyc27GXpf02,2020,Taylor Swift,,2024,4
Lover,1dGr1c8CrMLDpV6mPbImSI,Lover,87,221306,FALSE,06HL4z0CvFAxyc27GXpf02,2019,Taylor Swift,,2024,5
Blank Space,1p80LdxRV74UKvL8gnD7ky,1989,74,231826,FALSE,06HL4z0CvFAxyc27GXpf02,2014,Taylor Swift,,2024,10
Don’t Blame Me,1R0a2iXumgCiFb7HEZ7gUE,reputation,86,236413,FALSE,06HL4z0CvFAxyc27GXpf02,2017,Taylor Swift,,2024,7
I Can Do It With a Broken Heart,4q5YezDOIPcoLr8R81x9qy,THE TORTURED POETS DEPARTMENT,83,218004,TRUE,06HL4z0CvFAxyc27GXpf02,2024,Taylor Swift,,2024,0
I Don’t Wanna Live Forever (Fifty Shades Darker),55n9yjI6qqXh5F2mYvUc2y,reputation Stadium Tour Surprise Song Playlist,84,247160,FALSE,06HL4z0CvFAxyc27GXpf02,2017,Taylor Swift,,2024,7
Anti-Hero,0V3wPSX9ygBnCm8psDIegu,Midnights,84,200690,FALSE,06HL4z0CvFAxyc27GXpf02,2022,Taylor Swift,,2024,2
Timeless (feat Playboi Carti),0FIDCNYYjNvPVimz5icugS,Hurry Up Tomorrow,95,256000,TRUE,1Xyo4u8uXC1ZmMpatF05PJ,2025,The Weeknd,,2024,-1
"One Of The Girls (with JENNIE, Lily Rose Depp)",7CyPwkp0oE8Ro9Dd5CUDjW,The Idol Episode 4 (Music from the HBO Original Series),94,244684,FALSE,1Xyo4u8uXC1ZmMpatF05PJ,2023,The Weeknd,,2024,1
Starboy,7MXVkk9YMctZqd1Srtv4MB,Starboy,91,230453,TRUE,1Xyo4u8uXC1ZmMpatF05PJ,2016,The Weeknd,,2024,8
Blinding Lights,0VjIjW4GlUZAMYd2vXMi3b,After Hours,91,200040,FALSE,1Xyo4u8uXC1ZmMpatF05PJ,2020,The Weeknd,,2024,4
Die For You,2LBqCSwhJGcFQeTHMVGwy3,Starboy,88,260253,FALSE,1Xyo4u8uXC1ZmMpatF05PJ,2016,The Weeknd,,2024,8
São Paulo (feat. Anitta),7DY756WOLyOz2Xnhw4EFiC,Hurry Up Tomorrow,88,301623,TRUE,1Xyo4u8uXC1ZmMpatF05PJ,2025,The Weeknd,,2024,-1
RATHER LIE (with The Weeknd),68qeaZhtMZ6abrJCYt6nQn,MUSIC,88,209680,TRUE,1Xyo4u8uXC1ZmMpatF05PJ,2025,The Weeknd,,2024,-1
The Hills,7fBv7CLKzipRk6EC6TWHOB,Beauty Behind The Madness,88,242253,TRUE,1Xyo4u8uXC1ZmMpatF05PJ,2015,The Weeknd,,2024,9
Save Your Tears,5QO79kh1waicV47BqGRL3g,After Hours,88,215626,TRUE,1Xyo4u8uXC1ZmMpatF05PJ,2020,The Weeknd,,2024,4
Cry For Me,3AWDeHLc88XogCaCnZQLVI,Hurry Up Tomorrow,87,224136,TRUE,1Xyo4u8uXC1ZmMpatF05PJ,2025,The Weeknd,,2024,-1
DtMF,3sK8wGT43QFpWrvNQsrQya,DeBÍ TiRAR MáS FOToS,97,237117,TRUE,4q3ewBCX7sLwd24euuV69X,2025,Bad Bunny,"reggaeton, trap latino, urbano latino, latin",2024,-1
BAILE INoLVIDABLE,2lTm559tuIvatlT1u0JYG2,DeBÍ TiRAR MáS FOToS,96,367725,TRUE,4q3ewBCX7sLwd24euuV69X,2025,Bad Bunny,"reggaeton, trap latino, urbano latino, latin",2024,-1
EoO,6J5kc12BW5HuP3d7C3vvx8,DeBÍ TiRAR MáS FOToS,94,204768,TRUE,4q3ewBCX7sLwd24euuV69X,2025,Bad Bunny,"reggaeton, trap latino, urbano latino, latin",2024,-1
NUEVAYoL,5TFD2bmFKGhoCRbX61nXY5,DeBÍ TiRAR MáS FOToS,94,183685,FALSE,4q3ewBCX7sLwd24euuV69X,2025,Bad Bunny,"reggaeton, trap latino, urbano latino, latin",2024,-1
VOY A LLeVARTE PA PR,59D4DOkspUbWyMmbAPQkxZ,DeBÍ TiRAR MáS FOToS,93,156364,TRUE,4q3ewBCX7sLwd24euuV69X,2025,Bad Bunny,"reggaeton, trap latino, urbano latino, latin",2024,-1
VeLDÁ,7d6yK8v8J484SWH5prIQiE,DeBÍ TiRAR MáS FOToS,93,235336,TRUE,4q3ewBCX7sLwd24euuV69X,2025,Bad Bunny,"reggaeton, trap latino, urbano latino, latin",2024,-1
Qué Pasaría...,0l0vcZMU7AOeQmUIREoI2U,Cosa Nuestra,91,191018,TRUE,4q3ewBCX7sLwd24euuV69X,2024,Bad Bunny,"reggaeton, trap latino, urbano latino, latin",2024,0
KLOuFRENS,4MUrUT38U98olfnyzMBCzm,DeBÍ TiRAR MáS FOToS,90,199114,TRUE,4q3ewBCX7sLwd24euuV69X,2025,Bad Bunny,"reggaeton, trap latino, urbano latino, latin",2024,-1
LA CANCIÓN,0fea68AdmYNygeTGI4RC18,OASIS,90,242573,FALSE,4q3ewBCX7sLwd24euuV69X,2019,Bad Bunny,"reggaeton, trap latino, urbano latino, latin",2024,5
WELTiTA,5WEF0icHWmAZBBMglBd599,DeBÍ TiRAR MáS FOToS,89,187507,FALSE,4q3ewBCX7sLwd24euuV69X,2025,Bad Bunny,"reggaeton, trap latino, urbano latino, latin",2024,-1
NOKIA,2u9S9JJ6hTZS3Vf22HOZKg,$ome $exy $ongs 4 U,94,241023,TRUE,3TVXtAsR1Inumwj472S9r4,2025,Drake,rap,2024,-1
One Dance,1zi7xx7UVEFkmKfv06H8x0,Views,89,173986,FALSE,3TVXtAsR1Inumwj472S9r4,2016,Drake,rap,2024,8
Passionfruit,5mCPDVBb16L4XQwDdbRUpz,More Life,87,298940,TRUE,3TVXtAsR1Inumwj472S9r4,2017,Drake,rap,2024,7
DIE TRYING,0NUqi0ps17YpLUC3kgsZq0,$ome $exy $ongs 4 U,87,195431,TRUE,3TVXtAsR1Inumwj472S9r4,2025,Drake,rap,2024,-1
She Will,0b4M7hd7mzLTm99MrMeZsp,Tha Carter IV (Complete Edition),81,305840,TRUE,3TVXtAsR1Inumwj472S9r4,2011,Drake,rap,2024,13
God's Plan,6DCZcSspjsKoFjzjrWoCdn,Scorpion,86,198973,TRUE,3TVXtAsR1Inumwj472S9r4,2018,Drake,rap,2024,6
WAIT FOR U (feat. Drake & Tems),59nOXPmaKlBfGMDeOVGrIK,I NEVER LIKED YOU,85,189893,TRUE,3TVXtAsR1Inumwj472S9r4,2022,Drake,rap,2024,2
Headlines,6LxSe8YmdPxy095Ux6znaQ,Take Care (Deluxe),85,235986,TRUE,3TVXtAsR1Inumwj472S9r4,2011,Drake,rap,2024,13
9,1C7KSXR2GVxknex6I4ANco,Views,84,255786,TRUE,3TVXtAsR1Inumwj472S9r4,2016,Drake,rap,2024,8
Jimmy Cooks (feat. 21 Savage),3F5CgOj3wFlRv51JsHbxhe,"Honestly, Nevermind",83,218364,TRUE,3TVXtAsR1Inumwj472S9r4,2022,Drake,rap,2024,2
BIRDS OF A FEATHER,6dOtVTDdiauQNBQEDOtlAB,HIT ME HARD AND SOFT,100,210373,FALSE,6qqNVTkY8uBg9cP3Jd7DAH,2024,Billie Eilish,,2024,0
WILDFLOWER,3QaPy1KgI7nu9FJEQUgn6h,HIT ME HARD AND SOFT,96,261466,FALSE,6qqNVTkY8uBg9cP3Jd7DAH,2024,Billie Eilish,,2024,0
CHIHIRO,7BRD7x5pt8Lqa1eGYC4dzj,HIT ME HARD AND SOFT,91,303440,FALSE,6qqNVTkY8uBg9cP3Jd7DAH,2024,Billie Eilish,,2024,0
lovely (with Khalid),0u2P5u6lvoDfwTYjAADbn4,lovely (with Khalid),90,200185,FALSE,6qqNVTkY8uBg9cP3Jd7DAH,2018,Billie Eilish,,2024,6
Guess featuring billie eilish,0IsIY8pfu1yaGkPUD7pkDx,Brat and it’s completely different but also still brat,87,143330,FALSE,6qqNVTkY8uBg9cP3Jd7DAH,2024,Billie Eilish,,2024,0
ocean eyes,2uIX8YMNjGMD7441kqyyNU,Ocean Eyes,76,200560,FALSE,6qqNVTkY8uBg9cP3Jd7DAH,2016,Billie Eilish,,2024,8
when the party's over,43zdsphuZLzwA9k4DJhU0I,"WHEN WE ALL FALL ASLEEP, WHERE DO WE GO?",88,196077,FALSE,6qqNVTkY8uBg9cP3Jd7DAH,2019,Billie Eilish,,2024,5
"What Was I Made For? [From The Motion Picture ""Barbie""]",6wf7Yu7cxBSPrRlWeSeK0Q,"What Was I Made For? [From The Motion Picture ""Barbie""]",88,222369,FALSE,6qqNVTkY8uBg9cP3Jd7DAH,2023,Billie Eilish,,2024,1
LUNCH,629DixmZGHc7ILtEntuiWE,HIT ME HARD AND SOFT,88,179586,FALSE,6qqNVTkY8uBg9cP3Jd7DAH,2024,Billie Eilish,,2024,0
TV,3GYlZ7tbxLOxe6ewMNVTkw,Guitar Songs,87,281380,FALSE,6qqNVTkY8uBg9cP3Jd7DAH,2022,Billie Eilish,,2024,2
FE!N (feat. Playboi Carti),42VsgItocQwOQC3XWZ8JNA,UTOPIA,88,191700,TRUE,0Y5tJX1MQlPlqiwlOH1tJY,2023,Travis Scott,rap,2024,1
goosebumps,6gBFPUFcJLzWGx4lenP6h2,Birds In The Trap Sing McKnight,87,243836,TRUE,0Y5tJX1MQlPlqiwlOH1tJY,2016,Travis Scott,rap,2024,8
Open Arms (feat. Travis Scott),6koKhrBBcExADvWuOgceNZ,SOS,84,239613,FALSE,0Y5tJX1MQlPlqiwlOH1tJY,2022,Travis Scott,rap,2024,2
SICKO MODE,2xLMifQCjDGFmkHkpNLD9h,ASTROWORLD,86,312820,TRUE,0Y5tJX1MQlPlqiwlOH1tJY,2018,Travis Scott,rap,2024,6
HIGHEST IN THE ROOM,3eekarcy7kvN4yt5ZFzltW,HIGHEST IN THE ROOM,85,175720,TRUE,0Y5tJX1MQlPlqiwlOH1tJY,2019,Travis Scott,rap,2024,5
Type Shit,28drn6tQo95MRvO0jQEo5C,WE DON'T TRUST YOU,85,228266,TRUE,0Y5tJX1MQlPlqiwlOH1tJY,2024,Travis Scott,rap,2024,0
Trance (with Travis Scott & Young Thug),5wG3HvLhF6Y5KTGlK0IW3J,HEROES & VILLAINS,85,194786,TRUE,0Y5tJX1MQlPlqiwlOH1tJY,2022,Travis Scott,rap,2024,2
BUTTERFLY EFFECT,2cYqizR4lgvp4Qu6IQ3qGN,ASTROWORLD,83,190557,FALSE,0Y5tJX1MQlPlqiwlOH1tJY,2018,Travis Scott,rap,2024,6
MY EYES,4kjI1gwQZRKNDkw1nI475M,UTOPIA,84,251249,TRUE,0Y5tJX1MQlPlqiwlOH1tJY,2023,Travis Scott,rap,2024,1
I KNOW ?,6wsqVwoiVH2kde4k4KKAFU,UTOPIA,83,211582,TRUE,0Y5tJX1MQlPlqiwlOH1tJY,2023,Travis Scott,rap,2024,1
Morena,4oB8Xd7gMlUEtWoD8bmCXW,Mi Vida Mi Muerte,92,193728,FALSE,12GqGscKJx3aE4t07u7eVZ,2025,Peso Pluma,"corrido, corridos tumbados, corridos bélicos, música mexicana, sad sierreño, banda, electro corridos",2024,-1
DOS DÍAS,5lKFO0PrOC9jmOlPEdjHsL,INCÓMODO,88,153928,TRUE,12GqGscKJx3aE4t07u7eVZ,2024,Peso Pluma,"corrido, corridos tumbados, corridos bélicos, música mexicana, sad sierreño, banda, electro corridos",2024,0
HOLLYWOOD,5GTBdEjZe7zEDp1N0eCZE4,ÉXODO,85,284864,TRUE,12GqGscKJx3aE4t07u7eVZ,2024,Peso Pluma,"corrido, corridos tumbados, corridos bélicos, música mexicana, sad sierreño, banda, electro corridos",2024,0
QLONA,5RqSsdzTNPX1uzkmlHCFvK,MAÑANA SERÁ BONITO (BICHOTA SEASON),84,172797,TRUE,12GqGscKJx3aE4t07u7eVZ,2023,Peso Pluma,"corrido, corridos tumbados, corridos bélicos, música mexicana, sad sierreño, banda, electro corridos",2024,1
LA PATRULLA,2aYZaN5SmkRDLsrrV8GkBQ,ÉXODO,84,130614,TRUE,12GqGscKJx3aE4t07u7eVZ,2024,Peso Pluma,"corrido, corridos tumbados, corridos bélicos, música mexicana, sad sierreño, banda, electro corridos",2024,0
NUEVA VIDA,4Nf5EZ40JenjMUKXOiyRU5,GÉNESIS,84,190680,TRUE,12GqGscKJx3aE4t07u7eVZ,2023,Peso Pluma,"corrido, corridos tumbados, corridos bélicos, música mexicana, sad sierreño, banda, electro corridos",2024,1
Ella Baila Sola,3qQbCzHBycnDpGskqOWY0E,DESVELADO,75,165671,FALSE,12GqGscKJx3aE4t07u7eVZ,2023,Peso Pluma,"corrido, corridos tumbados, corridos bélicos, música mexicana, sad sierreño, banda, electro corridos",2024,1
SANTAL 33,02cRoSfWU3RJNFyU3o4lhV,ÉXODO,80,190303,TRUE,12GqGscKJx3aE4t07u7eVZ,2024,Peso Pluma,"corrido, corridos tumbados, corridos bélicos, música mexicana, sad sierreño, banda, electro corridos",2024,0
LOS CUADROS,41EOhpn50qvd8iZSKw531W,LOS CUADROS,81,160409,TRUE,12GqGscKJx3aE4t07u7eVZ,2024,Peso Pluma,"corrido, corridos tumbados, corridos bélicos, música mexicana, sad sierreño, banda, electro corridos",2024,0
Bandida,4dF08DjAjgactxNnsjRod6,Bandida,82,165026,TRUE,12GqGscKJx3aE4t07u7eVZ,2025,Peso Pluma,"corrido, corridos tumbados, corridos bélicos, música mexicana, sad sierreño, banda, electro corridos",2024,-1
Flashing Lights,5TRPicyLGbAF2LGBFbHGvO,Graduation,87,237506,TRUE,5K4W6rqBFWDnAN6FQUkS6x,2007,Kanye West,rap,2024,17
Heartless,4EWCNWgDS8707fNSZ1oaA5,808s & Heartbreak,86,211000,FALSE,5K4W6rqBFWDnAN6FQUkS6x,2008,Kanye West,rap,2024,16
I Wonder,7rbECVPkY5UODxoOUVKZnA,Graduation,85,243440,TRUE,5K4W6rqBFWDnAN6FQUkS6x,2007,Kanye West,rap,2024,17
Bound 2,3sNVsP50132BTNlImLx70i,Yeezus,84,229146,TRUE,5K4W6rqBFWDnAN6FQUkS6x,2013,Kanye West,rap,2024,11
Runaway,3DK6m7It6Pw857FcQftMds,My Beautiful Dark Twisted Fantasy,84,547733,TRUE,5K4W6rqBFWDnAN6FQUkS6x,2010,Kanye West,rap,2024,14
CARNIVAL,2McT2fkH0VDqPsbiB9HWPq,VULTURES 1,84,264334,TRUE,5K4W6rqBFWDnAN6FQUkS6x,2024,Kanye West,rap,2024,0
Can't Tell Me Nothing,0mEdbdeRFQwBhN4xfyIeUM,Graduation,84,271600,TRUE,5K4W6rqBFWDnAN6FQUkS6x,2007,Kanye West,rap,2024,17
All Falls Down,5SkRLpaGtvYPhw02vZhQQ9,The College Dropout,84,223506,TRUE,5K4W6rqBFWDnAN6FQUkS6x,2004,Kanye West,rap,2024,20
Stronger,0j2T0R9dR9qdJYsB7ciXhf,Graduation,84,311866,TRUE,5K4W6rqBFWDnAN6FQUkS6x,2007,Kanye West,rap,2024,17
Violent Crimes,3s7MCdXyWmwjdcWh7GWXas,ye,83,215320,TRUE,5K4W6rqBFWDnAN6FQUkS6x,2018,Kanye West,rap,2024,6
we can't be friends (wait for your love),51ZQ1vr10ffzbwIjDCwqm4,eternal sunshine,89,228639,FALSE,66CXWjxzNUsdJxJ2JdwvnR,2024,Ariana Grande,pop,2024,0
twilight zone,1edcyazKIdKrIuz9cWpXU6,eternal sunshine deluxe: brighter days ahead (a cappella version),81,198320,FALSE,66CXWjxzNUsdJxJ2JdwvnR,2025,Ariana Grande,pop,2024,-1
supernatural,142PiXzA84lmEw2RstFHFa,eternal sunshine,87,163381,FALSE,66CXWjxzNUsdJxJ2JdwvnR,2024,Ariana Grande,pop,2024,0
One Last Time,7xoUc6faLbCqZO6fQEYprd,My Everything (Deluxe),86,197266,FALSE,66CXWjxzNUsdJxJ2JdwvnR,2014,Ariana Grande,pop,2024,10
Save Your Tears (Remix) (with Ariana Grande) - Bonus Track,1oFAF1hdPOickyHgbuRjyX,After Hours (Deluxe),83,191013,FALSE,66CXWjxzNUsdJxJ2JdwvnR,2020,Ariana Grande,pop,2024,4
Into You,63y6xWR4gXz7bnUGOk8iI6,Dangerous Woman,76,244453,FALSE,66CXWjxzNUsdJxJ2JdwvnR,2016,Ariana Grande,pop,2024,8
7 rings,6ocbgoVGwYJhOv1GgI9NsF,"thank u, next",85,178626,TRUE,66CXWjxzNUsdJxJ2JdwvnR,2019,Ariana Grande,pop,2024,5
Dangerous Woman,6RUhbFEhrvGISaQ8u2j2JN,Dangerous Woman,73,235946,FALSE,66CXWjxzNUsdJxJ2JdwvnR,2016,Ariana Grande,pop,2024,8
the boy is mine,0Lmbke3KNVFXtoH2mMSHCw,eternal sunshine,83,173639,TRUE,66CXWjxzNUsdJxJ2JdwvnR,2024,Ariana Grande,pop,2024,0
Side To Side,43bCmCI0nSgcT7QdMXY6LV,Dangerous Woman,71,226160,TRUE,66CXWjxzNUsdJxJ2JdwvnR,2016,Ariana Grande,pop,2024,8
LUNA,7bywjHOc0wSjGGbj04XbVi,FERXXOCALIPSIS,89,196800,FALSE,2LRoIwlKmHjgvigdNGBHNo,2023,Feid,"reggaeton, urbano latino",2024,1
PERRO NEGRO,7iQXYTyuG13aoeHxGG28Nh,nadie sabe lo que va a pasar mañana,86,162767,TRUE,2LRoIwlKmHjgvigdNGBHNo,2023,Feid,"reggaeton, urbano latino",2024,1
+57,3mg9jYNC1NihbthlglzrWP,+57,85,298130,TRUE,2LRoIwlKmHjgvigdNGBHNo,2024,Feid,"reggaeton, urbano latino",2024,0
Hey Mor,1zsPaEkglFvxjAhrM8yhpr,OzuTochi,83,196600,FALSE,2LRoIwlKmHjgvigdNGBHNo,2022,Feid,"reggaeton, urbano latino",2024,2
Feliz Cumpleaños Ferxxo,2CeKVsFFXG4QzA415QygGb,FELIZ CUMPLEAÑOS FERXXO TE PIRATEAMOS EL ÁLBUM,83,155960,FALSE,2LRoIwlKmHjgvigdNGBHNo,2022,Feid,"reggaeton, urbano latino",2024,2
CLASSY 101,1hZsWUnLbqRw09jLAMQSsb,FERXXOCALIPSIS,80,195586,TRUE,2LRoIwlKmHjgvigdNGBHNo,2023,Feid,"reggaeton, urbano latino",2024,1
Normal,0T2pB7P1VdXPhLdQZ488uH,FELIZ CUMPLEAÑOS FERXXO TE PIRATEAMOS EL ÁLBUM,81,171880,TRUE,2LRoIwlKmHjgvigdNGBHNo,2022,Feid,"reggaeton, urbano latino",2024,2
SORRY 4 THAT MUCH,63pLfjK6FvcYJYMGwtHjd6,SORRY 4 THAT MUCH,82,207746,TRUE,2LRoIwlKmHjgvigdNGBHNo,2024,Feid,"reggaeton, urbano latino",2024,0
SE ME OLVIDA,2gmd7lY3QSzLh0xIY4cRvi,SE ME OLVIDA,82,225373,TRUE,2LRoIwlKmHjgvigdNGBHNo,2024,Feid,"reggaeton, urbano latino",2024,0
LA INOCENTE,5jt25aFjW2kNoBqaEVaz5W,MICRODOSIS,82,202173,TRUE,2LRoIwlKmHjgvigdNGBHNo,2022,Feid,"reggaeton, urbano latino",2024,2
